date,log_ret
2000-01-04,2.660548
2000-01-05,0.3794236
2000-01-06,3.41841
2000-01-07,3.432572
2000-01-10,1.890417
2000-01-11,-4.465397
2000-01-12,-2.820188
2000-01-13,-0.819718
2000-01-14,-1.26202
2000-01-17,1.581161
2000-01-18,-0.2938677
2000-01-19,0.9725666
2000-01-20,1.577451
2000-01-21,-0.4454048
2000-01-24,0.9288822
2000-01-25,0.1854495
2000-01-26,0.2132627
2000-01-27,0.8071756
2000-01-28,1.600729
2000-02-14,8.753773
2000-02-15,-0.2734379
2000-02-16,2.149347
2000-02-17,-3.588572
2000-02-18,1.543731
2000-02-21,1.425728
2000-02-22,-3.117784
2000-02-23,-2.269191
2000-02-24,2.380861
2000-02-25,-0.4619914
2000-02-28,4.059
2000-02-29,0.09509977
2000-03-01,-0.0634211
2000-03-02,0.6085851
2000-03-03,1.330974
2000-03-06,-3.840728
2000-03-07,0.5712547
2000-03-08,1.619794
2000-03-09,-0.3059443
2000-03-10,-1.687683
2000-03-13,1.725065
2000-03-14,-2.009146
2000-03-15,0.7411161
2000-03-16,-5.005673
2000-03-17,3.038487
2000-03-20,3.030862
2000-03-21,0.8183198
2000-03-22,0.4860793
2000-03-23,1.692028
2000-03-24,-1.082492
2000-03-27,3.520386
2000-03-28,0.7553686
2000-03-29,-0.5879113
2000-03-30,1.412332
2000-03-31,-0.7413005
2000-04-03,-0.1946165
2000-04-04,-2.599216
2000-04-05,0.825334
2000-04-06,2.283211
2000-04-07,0.5997234
2000-04-10,0.5743789
2000-04-11,-0.7356361
2000-04-12,-0.8465486
2000-04-13,0.8605081
2000-04-14,-0.2561251
2000-04-17,-2.25238
2000-04-18,1.077921
2000-04-19,0.7612187
2000-04-20,0.6676856
2000-04-21,-0.6405662
2000-04-24,-0.3904115
2000-04-25,-0.3550307
2000-04-26,-0.2196865
2000-04-27,-1.674548
2000-04-28,1.41317
2000-05-08,-0.01212707
2000-05-09,-1.567254
2000-05-10,-3.473766
2000-05-11,-2.003659
2000-05-12,-0.2985608
2000-05-15,-1.032731
2000-05-16,1.463721
2000-05-17,-0.1538248
2000-05-18,2.136596
2000-05-19,1.337438
2000-05-22,2.582678
2000-05-23,0.2164556
2000-05-24,1.01749
2000-05-25,1.366275
2000-05-26,-0.286139
2000-05-29,0.7886109
2000-05-30,-1.358793
2000-05-31,0.7471621
2000-06-01,0.3688813
2000-06-02,0.2970544
2000-06-05,-1.085063
2000-06-06,1.520215
2000-06-07,0.3801777
2000-06-08,-0.6430457
2000-06-09,-1.358054
2000-06-12,0.5159006
2000-06-13,1.276108
2000-06-14,-0.341189
2000-06-15,0.5651751
2000-06-16,-0.9326971
2000-06-19,-0.6384794
2000-06-20,-1.028483
2000-06-21,1.029737
2000-06-22,-0.05028591
2000-06-23,1.066075
2000-06-26,0.7038978
2000-06-27,-0.1717301
2000-06-28,0.116531
2000-06-29,-0.6464674
2000-06-30,-0.8151415
2000-07-03,-1.919262
2000-07-04,0.882397
2000-07-05,-0.1131445
2000-07-06,-0.3241516
2000-07-07,1.226221
2000-07-10,0.57823
2000-07-11,0.388812
2000-07-12,0.4199305
2000-07-13,-0.0771411
2000-07-14,0.2453344
2000-07-17,-0.5208334
2000-07-18,0.5797962
2000-07-19,0.1859316
2000-07-20,-0.1442915
2000-07-21,0.243918
2000-07-24,-0.3676406
2000-07-25,0.3401985
2000-07-26,0.7853278
2000-07-27,-0.09956631
2000-07-28,0.2892931
2000-07-31,0.5125476
2000-08-01,0.09110039
2000-08-02,0.04679495
2000-08-03,0.1066056
2000-08-04,-0.7755213
2000-08-07,0.571195
2000-08-08,0.6271498
2000-08-09,0.4273223
2000-08-10,-0.007382442
2000-08-11,-0.1577368
2000-08-14,0.7313866
2000-08-15,-0.01366948
2000-08-16,0.2069573
2000-08-17,0.08544121
2000-08-18,0.1121994
2000-08-21,0.8082306
2000-08-22,-1.846833
2000-08-23,-1.027678
2000-08-24,0.6426634
2000-08-25,0.8459606
2000-08-28,0.9601999
2000-08-29,0.195707
2000-08-30,-1.451239
2000-08-31,-2.89986
2000-09-01,-0.9987522
2000-09-04,0.8190426
2000-09-05,-2.253985
2000-09-06,-1.846468
2000-09-07,1.263363
2000-09-08,0.4843972
2000-09-11,0.7551575
2000-09-12,0.4515374
2000-09-13,0.2681272
2000-09-14,-0.4283443
2000-09-15,0.01188367
2000-09-18,-1.61931
2000-09-19,-2.50458
2000-09-20,1.027725
2000-09-21,-0.8667098
2000-09-22,-0.8245764
2000-09-25,-0.8776481
2000-09-26,0.7038803
2000-09-27,1.188566
2000-09-28,-1.287802
2000-09-29,1.123997
2000-10-09,0.7671999
2000-10-10,1.369315
2000-10-11,-0.5503539
2000-10-12,-0.2880087
2000-10-13,-0.3504048
2000-10-16,-0.830819
2000-10-17,0.3566479
2000-10-18,0.6594765
2000-10-19,-0.6614534
2000-10-20,1.388286
2000-10-23,0.9384667
2000-10-24,0.03370593
2000-10-25,0.7463261
2000-10-26,-0.6636044
2000-10-27,0.08630386
2000-10-30,0.1802867
2000-10-31,-0.8420887
2000-11-01,0.6546256
2000-11-02,0.1697596
2000-11-03,-0.1280679
2000-11-06,0.4902427
2000-11-07,0.2661891
2000-11-08,0.5744266
2000-11-09,0.7679937
2000-11-10,0.4172686
2000-11-13,0.8670718
2000-11-14,0.5290109
2000-11-15,-0.07696559
2000-11-16,0.8162063
2000-11-17,-0.3859157
2000-11-20,0.3807722
2000-11-21,-0.261445
2000-11-22,0.9511535
2000-11-23,0.2943484
2000-11-24,-3.446695
2000-11-27,0.01295639
2000-11-28,1.477456
2000-11-29,-0.6618836
2000-11-30,0.04328259
2000-12-01,0.5741221
2000-12-04,0.7874504
2000-12-05,-0.2488224
2000-12-06,-1.147908
2000-12-07,-0.3476567
2000-12-08,0.1001486
2000-12-11,-1.472321
2000-12-12,0.8167849
2000-12-13,0.09093908
2000-12-14,-0.2910099
2000-12-15,-0.6188277
2000-12-18,0.2827616
2000-12-19,0.1816584
2000-12-20,1.008164
2000-12-21,0.07315258
2000-12-22,-0.3719933
2000-12-25,-0.05546566
2000-12-26,0.4390237
2000-12-27,-1.017453
2000-12-28,-0.1392058
2000-12-29,0.8649612
2001-01-02,1.533135
2001-01-03,0.8535667
2001-01-04,-0.3350942
2001-01-05,0.3606793
2001-01-08,-1.350381
2001-01-09,-0.2635159
2001-01-10,1.095984
2001-01-11,-0.401867
2001-01-12,-0.8003946
2001-01-15,-3.533293
2001-01-16,0.4614803
2001-01-17,-0.607786
2001-01-18,0.1552145
2001-01-19,1.160755
2001-02-05,-2.657168
2001-02-06,-0.8840893
2001-02-07,-0.8490036
2001-02-08,-2.718769
2001-02-09,1.387464
2001-02-12,0.02939581
2001-02-13,0.1791093
2001-02-14,-0.01326708
2001-02-15,-0.9236348
2001-02-16,-0.2958991
2001-02-19,1.18709
2001-02-20,-0.8025637
2001-02-21,-2.651687
2001-02-22,-0.3341471
2001-02-23,1.292672
2001-02-26,1.059996
2001-02-27,0.5517364
2001-02-28,-0.2503162
2001-03-01,0.3962882
2001-03-02,0.8883925
2001-03-05,-0.2043573
2001-03-06,-0.05780839
2001-03-07,0.1259213
2001-03-08,0.4127249
2001-03-09,0.5290284
2001-03-12,0.2197418
2001-03-13,-0.7298526
2001-03-14,0.824909
2001-03-15,0.269043
2001-03-16,-0.02514548
2001-03-19,0.8078259
2001-03-20,0.5604988
2001-03-21,0.5548151
2001-03-22,0.5890239
2001-03-23,-1.555885
2001-03-26,1.65697
2001-03-27,0.8012229
2001-03-28,0.03030897
2001-03-29,-0.2917156
2001-03-30,0.4868914
2001-04-02,0.4687025
2001-04-03,-0.2818411
2001-04-04,-1.710367
2001-04-05,1.099834
2001-04-06,-0.2616727
2001-04-09,0.5229037
2001-04-10,0.4396686
2001-04-11,0.02976004
2001-04-12,-0.05597594
2001-04-13,0.3769223
2001-04-16,0.9206781
2001-04-17,0.247806
2001-04-18,-0.2989528
2001-04-19,-0.1441511
2001-04-20,-0.9604696
2001-04-23,-0.1513993
2001-04-24,0.6398694
2001-04-25,-2.058907
2001-04-26,-0.740397
2001-04-27,0.4465197
2001-04-30,0.1396124
2001-05-08,0.932507
2001-05-09,-0.1138225
2001-05-10,0.5646985
2001-05-11,0.322379
2001-05-14,0.7931662
2001-05-15,0.4127275
2001-05-16,0.3127868
2001-05-17,-0.4486656
2001-05-18,0.5647258
2001-05-21,0.6273047
2001-05-22,-0.2416182
2001-05-23,-0.7831707
2001-05-24,0.1077865
2001-05-25,-0.2773742
2001-05-28,-0.6912316
2001-05-29,0.1367897
2001-05-30,1.268972
2001-05-31,0.1527216
2001-06-01,0.1440042
2001-06-04,0.4779796
2001-06-05,0.3131003
2001-06-06,0.1684603
2001-06-07,-0.4750015
2001-06-08,-0.3531611
2001-06-11,-0.05475924
2001-06-12,0.6060231
2001-06-13,0.7730285
2001-06-14,-2.055023
2001-06-15,0.5545533
2001-06-18,-2.204215
2001-06-19,0.1606396
2001-06-20,-0.4250752
2001-06-21,1.135986
2001-06-22,0.5521133
2001-06-25,0.9520967
2001-06-26,0.1889565
2001-06-27,-0.1576868
2001-06-28,-0.6263318
2001-06-29,-0.1026457
2001-07-02,-0.6371597
2001-07-03,0.2195686
2001-07-04,-0.3837422
2001-07-05,-1.018585
2001-07-06,-0.5124805
2001-07-09,0.0009511724
2001-07-10,0.9926748
2001-07-11,-1.013283
2001-07-12,-0.2258153
2001-07-13,-0.1804239
2001-07-16,-0.8321794
2001-07-17,-0.2496277
2001-07-18,0.2452778
2001-07-19,0.2218051
2001-07-20,1.320497
2001-07-23,-0.2826418
2001-07-24,-1.478035
2001-07-25,-0.9740389
2001-07-26,-1.121489
2001-07-27,-1.320626
2001-07-30,-5.990394
2001-07-31,-1.907386
2001-08-01,3.685884
2001-08-02,-1.439953
2001-08-03,0.2218169
2001-08-06,-3.776811
2001-08-07,1.347997
2001-08-08,-0.2460891
2001-08-09,1.829365
2001-08-10,1.325093
2001-08-13,0.0614503
2001-08-14,-1.049067
2001-08-15,0.466429
2001-08-16,-1.384045
2001-08-17,-0.1142473
2001-08-20,0.5855796
2001-08-21,0.4787923
2001-08-22,-1.707294
2001-08-23,0.08680173
2001-08-24,-0.9998689
2001-08-27,-3.456689
2001-08-28,0.9863292
2001-08-29,0.2454479
2001-08-30,-0.7863413
2001-08-31,-0.0748022
2001-09-03,-0.8782514
2001-09-04,2.4844
2001-09-05,0.2874245
2001-09-06,-0.4371153
2001-09-07,-3.130152
2001-09-10,2.625255
2001-09-11,0.136091
2001-09-12,-1.432145
2001-09-13,-0.3684782
2001-09-14,-1.34299
2001-09-17,-2.182227
2001-09-18,0.8521994
2001-09-19,1.227856
2001-09-20,-0.2982664
2001-09-21,-0.8044543
2001-09-24,-0.7056061
2001-09-25,-0.1436037
2001-09-26,-1.515219
2001-09-27,-0.277716
2001-09-28,-0.1898414
2001-10-08,-2.567738
2001-10-09,1.068217
2001-10-10,-3.991844
2001-10-11,-3.207432
2001-10-12,3.116138
2001-10-15,-0.1863481
2001-10-16,-1.949794
2001-10-17,-0.8603443
2001-10-18,-1.858607
2001-10-19,-3.434103
2001-10-22,-3.619011
2001-10-23,9.513178
2001-10-24,4.490226
2001-10-25,-2.892631
2001-10-26,-0.07244664
2001-10-29,1.682642
2001-10-30,-1.008257
2001-10-31,0.222726
2001-11-01,1.091182
2001-11-02,-0.8240586
2001-11-05,-0.8965902
2001-11-06,-0.5166204
2001-11-07,-5.582832
2001-11-08,0.8970192
2001-11-09,1.63725
2001-11-12,-0.6808115
2001-11-13,-0.7057438
2001-11-14,0.257881
2001-11-15,0.2384191
2001-11-16,1.763555
2001-11-19,1.718179
2001-11-20,2.061877
2001-11-21,0.3808138
2001-11-22,0.7590367
2001-11-23,-0.3640838
2001-11-26,-0.4680047
2001-11-27,1.154878
2001-11-28,0.9000911
2001-11-29,0.02946119
2001-11-30,1.003264
2001-12-03,0.8279465
2001-12-04,0.3782318
2001-12-05,-2.023372
2001-12-06,0.5863068
2001-12-07,-0.2302296
2001-12-10,0.02334521
2001-12-11,-1.219623
2001-12-12,-1.028299
2001-12-13,-1.752182
2001-12-14,-0.8806125
2001-12-17,-0.6475768
2001-12-18,1.572266
2001-12-19,-1.013197
2001-12-20,-2.671197
2001-12-21,0.6653392
2001-12-24,-2.155432
2001-12-25,0.2821766
2001-12-26,1.289943
2001-12-27,-0.5485551
2001-12-28,0.4855948
2001-12-31,0.3117813
2002-01-04,-1.983467
2002-01-07,-1.236728
2002-01-08,-0.8332555
2002-01-09,-1.974323
2002-01-10,1.040727
2002-01-11,-2.918706
2002-01-14,-4.003424
2002-01-15,-2.046778
2002-01-16,1.345781
2002-01-17,-5.500978
2002-01-18,-1.03565
2002-01-21,-5.212022
2002-01-22,-1.184934
2002-01-23,7.334935
2002-01-24,1.14406
2002-01-25,0.1414022
2002-01-28,-7.473901
2002-01-29,3.039329
2002-01-30,0.9960279
2002-01-31,7.221322
2002-02-01,-0.2326924
2002-02-04,2.129864
2002-02-05,0.2493864
2002-02-06,-2.993459
2002-02-07,2.332976
2002-02-08,-0.4509845
2002-02-25,2.08431
2002-02-26,0.3714593
2002-02-27,0.3186666
2002-02-28,-1.04633
2002-03-01,-1.919811
2002-03-04,1.918454
2002-03-05,2.501905
2002-03-06,0.8440379
2002-03-07,3.18674
2002-03-08,1.831061
2002-03-11,2.123592
2002-03-12,-1.84576
2002-03-13,-2.057802
2002-03-14,3.187909
2002-03-15,-3.143812
2002-03-18,0.1972912
2002-03-19,2.561826
2002-03-20,1.040857
2002-03-21,0.08158404
2002-03-22,-1.057439
2002-03-25,0.4872301
2002-03-26,-1.743474
2002-03-27,0.481716
2002-03-28,-0.03067801
2002-03-29,-3.31594
2002-04-01,0.424285
2002-04-02,-1.813947
2002-04-03,0.4855336
2002-04-04,2.920434
2002-04-05,-0.3632144
2002-04-08,0.2127901
2002-04-09,1.969206
2002-04-10,0.5702579
2002-04-11,-1.966628
2002-04-12,0.4983581
2002-04-15,-0.4651233
2002-04-16,-0.3456787
2002-04-17,0.08290356
2002-04-18,-1.244306
2002-04-19,0.3652913
2002-04-22,-0.5120376
2002-04-23,-0.2627274
2002-04-24,-1.060129
2002-04-25,0.3606264
2002-04-26,1.891129
2002-04-29,2.000461
2002-04-30,-0.03921775
2002-05-08,-0.9737958
2002-05-09,0.0220034
2002-05-10,-0.9305189
2002-05-13,-0.9111492
2002-05-14,-0.3429775
2002-05-15,-1.118091
2002-05-16,-3.88422
2002-05-17,1.124726
2002-05-20,-1.683213
2002-05-21,3.542287
2002-05-22,-1.672765
2002-05-23,0.5792419
2002-05-24,-1.527659
2002-05-27,0.4804924
2002-05-28,0.1659434
2002-05-29,-2.514378
2002-05-30,-0.2098406
2002-05-31,-0.7136644
2002-06-03,-2.703583
2002-06-04,0.4421592
2002-06-05,-2.640526
2002-06-06,4.637391
2002-06-07,0.832925
2002-06-10,-1.053741
2002-06-11,0.9687636
2002-06-12,-0.6263015
2002-06-13,-1.098351
2002-06-14,-1.4763
2002-06-17,0.1600554
2002-06-18,2.353674
2002-06-19,-1.241531
2002-06-20,0.6944244
2002-06-21,3.688296
2002-06-24,9.193477
2002-06-25,-1.602056
2002-06-26,0.5585729
2002-06-27,-0.2656618
2002-06-28,-0.7684018
2002-07-01,-1.122555
2002-07-02,0.9508662
2002-07-03,0.1180581
2002-07-04,-1.014304
2002-07-05,0.4546161
2002-07-08,0.7716239
2002-07-09,-0.5403913
2002-07-10,-1.639042
2002-07-11,0.04743369
2002-07-12,0.08395287
2002-07-15,-0.729619
2002-07-16,0.1155742
2002-07-17,0.5682601
2002-07-18,0.1337759
2002-07-19,0.484902
2002-07-22,-1.650299
2002-07-23,-0.5013026
2002-07-24,-0.2400116
2002-07-25,-0.4152098
2002-07-26,-0.3329992
2002-07-29,0.401581
2002-07-30,0.07443916
2002-07-31,-0.9595781
2002-08-01,0.0449178
2002-08-02,0.3933259
2002-08-05,-0.373642
2002-08-06,0.8418209
2002-08-07,-0.2381488
2002-08-08,-0.5670274
2002-08-09,-0.7839629
2002-08-12,-0.8018266
2002-08-13,0.1359938
2002-08-14,0.7045737
2002-08-15,-0.7702652
2002-08-16,0.6685878
2002-08-19,-0.3625539
2002-08-20,1.285765
2002-08-21,0.08889787
2002-08-22,0.9455644
2002-08-23,-0.3657431
2002-08-26,-0.6291757
2002-08-27,0.8800461
2002-08-28,-0.3198155
2002-08-29,-0.8115437
2002-08-30,-0.01240386
2002-09-02,0.1988573
2002-09-03,0.2811908
2002-09-04,-0.6169331
2002-09-05,-1.377482
2002-09-06,-0.5546656
2002-09-09,-0.7477696
2002-09-10,0.2276172
2002-09-11,-0.344858
2002-09-12,0.3941926
2002-09-13,-0.1496388
2002-09-16,-1.445369
2002-09-17,-0.0599389
2002-09-18,-0.6089357
2002-09-19,1.63092
2002-09-20,-0.9967645
2002-09-23,-0.1150021
2002-09-24,-0.4847735
2002-09-25,-0.01004899
2002-09-26,-0.8562708
2002-09-27,-0.4488472
2002-10-08,-0.9638435
2002-10-09,-1.857956
2002-10-10,-0.3457787
2002-10-11,-0.3935384
2002-10-14,0.4132416
2002-10-15,-0.4148224
2002-10-16,0.8294201
2002-10-17,-1.771934
2002-10-18,0.2288574
2002-10-21,0.288062
2002-10-22,1.609247
2002-10-23,0.1106048
2002-10-24,-0.9246946
2002-10-25,-1.268423
2002-10-28,-1.435276
2002-10-29,0.565826
2002-10-30,-0.2543685
2002-10-31,-0.1545337
2002-11-01,-0.02281764
2002-11-04,1.483643
2002-11-05,1.804703
2002-11-06,-0.4714728
2002-11-07,-0.2661483
2002-11-08,-2.82294
2002-11-11,-1.168404
2002-11-12,-2.468048
2002-11-13,0.2334117
2002-11-14,-2.37593
2002-11-15,0.3374125
2002-11-18,-1.070869
2002-11-19,1.116826
2002-11-20,-3.10902
2002-11-21,-3.194928
2002-11-22,0.3352913
2002-11-25,0.3730636
2002-11-26,-2.485181
2002-11-27,0.5786508
2002-11-28,3.108038
2002-11-29,1.506521
2002-12-02,-3.439681
2002-12-03,1.291211
2002-12-04,0.5366954
2002-12-05,-0.7229917
2002-12-06,-0.03001687
2002-12-09,-0.4002752
2002-12-10,-1.579855
2002-12-11,-0.4005511
2002-12-12,0.6762014
2002-12-13,1.409351
2002-12-16,0.9478725
2002-12-17,0.7985136
2002-12-18,-0.562849
2002-12-19,0.2008403
2002-12-20,1.12817
2002-12-23,0.005580936
2002-12-24,0.1609951
2002-12-25,-0.8505547
2002-12-26,-3.473623
2002-12-27,-0.03853523
2002-12-30,-1.428448
2002-12-31,-1.086552
2003-01-02,-2.247819
2003-01-03,0.255409
2003-01-06,1.438168
2003-01-07,-0.2828
2003-01-08,2.622475
2003-01-09,1.862166
2003-01-10,-1.183682
2003-01-13,0.3237433
2003-01-14,4.479632
2003-01-15,-0.6444818
2003-01-16,1.986313
2003-01-17,-0.6331197
2003-01-20,0.2865508
2003-01-21,-1.976845
2003-01-22,0.510753
2003-01-23,-1.043065
2003-01-24,1.372896
2003-01-27,1.270439
2003-01-28,0.2246203
2003-01-29,-0.2698926
2003-02-10,-1.332397
2003-02-11,1.099277
2003-02-12,1.270906
2003-02-13,-0.3547393
2003-02-14,0.3796366
2003-02-17,-0.7802096
2003-02-18,-0.00055834
2003-02-19,0.82274
2003-02-20,-0.2374757
2003-02-21,-2.335828
2003-02-24,0.07149868
2003-02-25,2.114975
2003-02-26,0.03286623
2003-02-27,-0.2211192
2003-02-28,-0.167265
2003-03-03,0.7579754
2003-03-04,-0.05972983
2003-03-05,-0.6048805
2003-03-06,-1.536552
2003-03-07,-0.3895711
2003-03-10,-2.019335
2003-03-11,0.04254584
2003-03-12,0.3096314
2003-03-13,-0.7169807
2003-03-14,0.0907656
2003-03-17,-0.2816615
2003-03-18,-0.8281801
2003-03-19,0.144621
2003-03-20,-0.4167072
2003-03-21,0.969382
2003-03-24,0.1377232
2003-03-25,-1.259791
2003-03-26,-0.7005653
2003-03-27,2.553077
2003-03-28,-0.5703237
2003-03-31,0.8572612
2003-04-01,0.6908996
2003-04-02,-0.2228279
2003-04-03,-0.4460909
2003-04-04,0.1778081
2003-04-07,-1.179533
2003-04-08,-0.5655102
2003-04-09,0.5194515
2003-04-10,0.5540518
2003-04-11,0.9907843
2003-04-14,2.478164
2003-04-15,0.9299476
2003-04-16,-2.098428
2003-04-17,0.4154723
2003-04-18,-0.01147525
2003-04-21,-1.551877
2003-04-22,-0.2601462
2003-04-23,-1.496048
2003-04-24,-2.659752
2003-04-25,-1.514164
2003-04-28,1.499993
2003-04-29,-2.073117
2003-04-30,-0.3024019
2003-05-12,-1.205716
2003-05-13,-3.752324
2003-05-14,2.168592
2003-05-15,2.721046
2003-05-16,-0.1545646
2003-05-19,0.8206465
2003-05-20,-1.201726
2003-05-21,-0.001641698
2003-05-22,0.3799409
2003-05-23,0.6999156
2003-05-26,0.5001392
2003-05-27,0.4106649
2003-05-28,-0.5076793
2003-05-29,0.8931814
2003-05-30,0.773976
2003-06-02,0.3004666
2003-06-03,-1.161495
2003-06-04,-0.1443394
2003-06-05,-0.9651798
2003-06-06,-1.261686
2003-06-09,-1.134483
2003-06-10,0.6736627
2003-06-11,1.587503
2003-06-12,-0.1584789
2003-06-13,0.4510953
2003-06-16,-0.3356551
2003-06-17,-0.3166876
2003-06-18,-0.2661802
2003-06-19,-1.167366
2003-06-20,-0.4597713
2003-06-23,-1.29337
2003-06-24,0.260865
2003-06-25,-0.7759175
2003-06-26,0.38901
2003-06-27,-1.521579
2003-06-30,-1.090687
2003-07-01,-0.4074174
2003-07-02,0.5485874
2003-07-03,0.3465916
2003-07-04,-0.2584204
2003-07-07,-0.306939
2003-07-08,0.9139136
2003-07-09,-0.5796758
2003-07-10,1.355103
2003-07-11,-0.2909946
2003-07-14,-0.6133869
2003-07-15,-0.06755428
2003-07-16,0.05739153
2003-07-17,0.1133086
2003-07-18,-2.109268
2003-07-21,-1.463151
2003-07-22,0.642248
2003-07-23,0.41812
2003-07-24,-0.8843656
2003-07-25,-1.161217
2003-07-28,-0.7195015
2003-07-29,0.5455846
2003-07-30,-0.1814867
2003-07-31,-0.1518897
2003-08-01,0.04667336
2003-08-04,1.305839
2003-08-05,0.08859849
2003-08-06,-0.2037083
2003-08-07,-0.1359065
2003-08-08,-1.170137
2003-08-11,0.2795719
2003-08-12,0.5128963
2003-08-13,-1.008144
2003-08-14,-0.4764638
2003-08-15,-0.2243839
2003-08-18,-0.2805101
2003-08-19,0.3572308
2003-08-20,-0.4743551
2003-08-21,-0.1341543
2003-08-22,-0.06438278
2003-08-25,-1.453522
2003-08-26,0.2043065
2003-08-27,0.05876452
2003-08-28,-0.7747368
2003-08-29,0.1176665
2003-09-01,1.994352
2003-09-02,-0.1641198
2003-09-03,0.3169655
2003-09-04,-0.1843486
2003-09-05,-1.295819
2003-09-08,-0.4125731
2003-09-09,-0.2107444
2003-09-10,0.04141424
2003-09-11,-0.137054
2003-09-12,-1.468399
2003-09-15,-1.217577
2003-09-16,0.975367
2003-09-17,-1.266815
2003-09-18,-0.07150537
2003-09-19,0.1583976
2003-09-22,-0.2738446
2003-09-23,0.6211098
2003-09-24,0.4612342
2003-09-25,-1.597453
2003-09-26,-0.6313636
2003-09-29,-1.697565
2003-09-30,0.6305222
2003-10-08,0.2603015
2003-10-09,-0.262136
2003-10-10,2.259656
2003-10-13,-0.344361
2003-10-14,-0.859522
2003-10-15,-0.2836443
2003-10-16,-1.461606
2003-10-17,0.07249239
2003-10-20,-1.092768
2003-10-21,0.08395316
2003-10-22,2.037177
2003-10-23,-0.9772805
2003-10-24,-0.8653766
2003-10-27,-1.757032
2003-10-28,-0.967377
2003-10-29,-2.182804
2003-10-30,-1.461468
2003-10-31,0.7173749
2003-11-03,0.5887477
2003-11-04,1.454677
2003-11-05,-1.456741
2003-11-06,-3.499207
2003-11-07,-1.347683
2003-11-10,-0.3428792
2003-11-11,0.4912655
2003-11-12,-1.803923
2003-11-13,0.5887029
2003-11-14,1.056805
2003-11-17,-0.2153351
2003-11-18,-1.206445
2003-11-19,2.004438
2003-11-20,3.76605
2003-11-21,-1.805096
2003-11-24,3.088512
2003-11-25,0.9304089
2003-11-26,0.2908847
2003-11-27,-2.363867
2003-11-28,0.453962
2003-12-01,2.179216
2003-12-02,0.1156155
2003-12-03,0.1216791
2003-12-04,0.3109662
2003-12-05,0.2443669
2003-12-08,-1.3079
2003-12-09,0.2419733
2003-12-10,0.9424919
2003-12-11,0.08131001
2003-12-12,-0.1151302
2003-12-15,-0.02023968
2003-12-16,-1.103244
2003-12-17,-0.8838476
2003-12-18,-1.431097
2003-12-19,-3.490058
2003-12-22,2.197178
2003-12-23,0.4381834
2003-12-24,0.3315697
2003-12-25,-0.1596304
2003-12-26,0.3195788
2003-12-29,-1.053426
2003-12-30,-0.07980962
2003-12-31,-0.6815239
2004-01-02,0.6493968
2004-01-05,0.599483
2004-01-06,-0.1408031
2004-01-07,0.8194289
2004-01-08,1.834657
2004-01-09,-0.7205956
2004-01-12,0.9681383
2004-01-13,1.168614
2004-01-14,-0.2389238
2004-01-15,-0.5527107
2004-01-16,0.9372278
2004-01-29,2.992042
2004-01-30,-1.060431
2004-02-02,2.274606
2004-02-03,1.486434
2004-02-04,1.981026
2004-02-05,1.381991
2004-02-06,-1.689217
2004-02-09,2.000993
2004-02-10,0.3018371
2004-02-11,0.1910284
2004-02-12,0.5678321
2004-02-13,-1.465597
2004-02-16,2.298485
2004-02-17,1.188367
2004-02-18,0.4987304
2004-02-19,0.3999374
2004-02-20,0.5748807
2004-02-23,-1.896218
2004-02-24,-1.237739
2004-02-25,-2.309956
2004-02-26,-1.026895
2004-02-27,1.578152
2004-03-01,1.374774
2004-03-02,-0.02666548
2004-03-03,-1.961976
2004-03-04,0.7317599
2004-03-05,-0.6159831
2004-03-08,-2.625932
2004-03-09,-0.9511099
2004-03-10,2.164042
2004-03-11,1.109618
2004-03-12,-0.371585
2004-03-15,1.753144
2004-03-16,0.5660897
2004-03-17,0.08011609
2004-03-18,-1.793924
2004-03-19,1.523905
2004-03-22,0.7029362
2004-03-23,-0.2462004
2004-03-24,-0.2149752
2004-03-25,0.001205054
2004-03-26,0.05895928
2004-03-29,-0.7152494
2004-03-30,0.4576042
2004-03-31,1.256285
2004-04-01,0.5465525
2004-04-02,0.7095909
2004-04-05,0.8813185
2004-04-06,0.8059286
2004-04-07,-0.3095399
2004-04-08,-0.336505
2004-04-09,-2.731828
2004-04-12,0.2709336
2004-04-13,-0.4848597
2004-04-14,-1.787582
2004-04-15,-1.573858
2004-04-16,0.002482773
2004-04-19,-1.167413
2004-04-20,-0.4555632
2004-04-21,-0.5850004
2004-04-22,0.6358956
2004-04-23,-2.042585
2004-04-26,-0.7265111
2004-04-27,-1.612322
2004-04-28,0.1461974
2004-04-29,-1.957796
2004-04-30,0.2556753
2004-05-10,-2.112498
2004-05-11,0.3871804
2004-05-12,2.658807
2004-05-13,-0.4220056
2004-05-14,-2.120622
2004-05-17,-0.3903906
2004-05-18,1.847337
2004-05-19,0.1115247
2004-05-20,-1.013558
2004-05-21,0.347871
2004-05-24,-0.9294134
2004-05-25,-3.051379
2004-05-26,0.148003
2004-05-27,2.286824
2004-05-28,-0.5934561
2004-05-31,0.3371857
2004-06-01,1.885817
2004-06-02,-0.2565043
2004-06-03,-1.955778
2004-06-04,0.02961341
2004-06-07,-1.651997
2004-06-08,-1.205613
2004-06-09,-2.871801
2004-06-10,-0.6225984
2004-06-11,0.2875628
2004-06-14,-3.153505
2004-06-15,1.817615
2004-06-16,0.3176055
2004-06-17,-1.979283
2004-06-18,-0.5137283
2004-06-21,1.371647
2004-06-22,1.055711
2004-06-23,-0.9953358
2004-06-24,-0.5776211
2004-06-25,-2.809223
2004-06-28,-2.250827
2004-06-29,0.8806437
2004-06-30,-1.294521
2004-07-01,3.136875
2004-07-02,-0.1318559
2004-07-05,-0.03259635
2004-07-06,0.7151732
2004-07-07,-1.179098
2004-07-08,0.03524136
2004-07-09,-0.7787037
2004-07-12,-3.157665
2004-07-13,0.04819194
2004-07-14,-1.0657
2004-07-15,0.8108333
2004-07-16,3.040479
2004-07-19,0.002050944
2004-07-20,-0.6882386
2004-07-21,-0.118446
2004-07-22,-2.481796
2004-07-23,0.4309095
2004-07-26,-1.666095
2004-07-27,-0.8142682
2004-07-28,0.7905316
2004-07-29,1.482057
2004-07-30,-1.669189
2004-08-02,-0.9531532
2004-08-03,0.1056222
2004-08-04,2.517226
2004-08-05,-1.17477
2004-08-06,-0.3630798
2004-08-09,-0.248952
2004-08-10,0.3965499
2004-08-11,-1.44821
2004-08-12,-1.799606
2004-08-13,0.0918875
2004-08-16,-1.896671
2004-08-17,0.0486878
2004-08-18,-0.4366198
2004-08-19,-1.9942
2004-08-20,0.2378578
2004-08-23,-0.6168217
2004-08-24,2.070792
2004-08-25,-0.5241793
2004-08-26,-1.026458
2004-08-27,-1.063876
2004-08-30,0.2820579
2004-08-31,2.160314
2004-09-01,-1.614916
2004-09-02,1.507492
2004-09-03,-0.04182578
2004-09-06,-0.1209562
2004-09-07,0.08094991
2004-09-08,-0.63302
2004-09-09,-2.055737
2004-09-10,0.09105007
2004-09-13,-2.51353
2004-09-14,3.326953
2004-09-15,4.894669
2004-09-16,1.288001
2004-09-17,3.058304
2004-09-20,3.847856
2004-09-21,-0.6314147
2004-09-22,-2.302441
2004-09-23,2.540854
2004-09-24,-2.875885
2004-09-27,-1.659806
2004-09-28,0.6628361
2004-09-29,-1.232381
2004-09-30,-1.951494
2004-10-08,2.884839
2004-10-11,0.2493824
2004-10-12,-1.770355
2004-10-13,0.1599112
2004-10-14,-5.863096
2004-10-15,-0.7643098
2004-10-18,0.5888171
2004-10-19,-0.1042551
2004-10-20,-1.144878
2004-10-21,-2.127116
2004-10-22,0.318506
2004-10-25,-1.103798
2004-10-26,1.251094
2004-10-27,2.18911
2004-10-28,-0.6354216
2004-10-29,-2.155826
2004-11-01,-0.930083
2004-11-02,-0.208585
2004-11-03,2.283831
2004-11-04,-2.306256
2004-11-05,0.01374934
2004-11-08,0.1362345
2004-11-09,0.391547
2004-11-10,3.773901
2004-11-11,-0.4039818
2004-11-12,0.1629169
2004-11-15,1.280065
2004-11-16,-0.2437565
2004-11-17,-1.067975
2004-11-18,1.321391
2004-11-19,0.9097942
2004-11-22,1.107578
2004-11-23,0.00468581
2004-11-24,-1.841238
2004-11-25,-0.7186338
2004-11-26,0.3276308
2004-11-29,-1.733042
2004-11-30,0.5508656
2004-12-01,-0.3011881
2004-12-02,0.7182285
2004-12-03,0.8259551
2004-12-06,0.141126
2004-12-07,-1.891032
2004-12-08,0.4177144
2004-12-09,0.4058424
2004-12-10,-2.757551
2004-12-13,-0.8959019
2004-12-14,-0.3129632
2004-12-15,-0.4524004
2004-12-16,-1.089576
2004-12-17,-0.807953
2004-12-20,-0.7946893
2004-12-21,0.3386249
2004-12-22,2.917824
2004-12-23,-2.277528
2004-12-24,0.1594788
2004-12-27,-0.4103213
2004-12-28,-0.4177798
2004-12-29,-0.6512829
2004-12-30,-0.4600194
2004-12-31,-1.319982
2005-01-04,-1.300368
2005-01-05,1.776156
2005-01-06,-0.8291244
2005-01-07,0.4914665
2005-01-10,0.9359234
2005-01-11,0.2558599
2005-01-12,-0.1175223
2005-01-13,0.1761776
2005-01-14,-1.247657
2005-01-17,-2.437444
2005-01-18,1.478003
2005-01-19,-0.4694591
2005-01-20,-1.532904
2005-01-21,1.814499
2005-01-24,1.941667
2005-01-25,-0.7873325
2005-01-26,-1.122483
2005-01-27,-1.712579
2005-01-28,-1.954758
2005-01-31,-3.455185
2005-02-01,-1.04079
2005-02-02,5.333625
2005-02-03,-2.149427
2005-02-04,1.681936
2005-02-16,1.160344
2005-02-17,0.4565636
2005-02-18,-1.247256
2005-02-21,1.732909
2005-02-22,2.544776
2005-02-23,0.9257686
2005-02-24,0.3361268
2005-02-25,-0.05545391
2005-02-28,-0.3819899
2005-03-01,0.02682127
2005-03-02,-1.541135
2005-03-03,0.4730946
2005-03-04,-0.7375999
2005-03-07,0.3374059
2005-03-08,1.982902
2005-03-09,0.2375175
2005-03-10,-2.745417
2005-03-11,0.3529045
2005-03-14,-0.7613961
2005-03-15,-1.377764
2005-03-16,-0.9090214
2005-03-17,-1.32075
2005-03-18,-2.107852
2005-03-21,0.04708235
2005-03-22,-3.335362
2005-03-23,-0.07538886
2005-03-24,1.257453
2005-03-25,-0.2859661
2005-03-28,-1.053501
2005-03-29,-0.5437421
2005-03-30,-3.183679
2005-03-31,0.7713795
2005-04-01,3.379208
2005-04-04,-2.061395
2005-04-05,-0.9355039
2005-04-06,1.515433
2005-04-07,1.571148
2005-04-08,1.669529
2005-04-11,-0.06648123
2005-04-12,-2.362608
2005-04-13,2.317556
2005-04-14,-1.812911
2005-04-15,-2.569275
2005-04-18,-1.727756
2005-04-19,0.1241102
2005-04-20,-2.184462
2005-04-21,-2.228864
2005-04-22,-1.77884
2005-04-25,-2.479804
2005-04-26,1.73278
2005-04-27,-1.962279
2005-04-28,2.479466
2005-04-29,-1.483851
2005-05-09,-3.94088
2005-05-10,-0.1668741
2005-05-11,-0.7433296
2005-05-12,-0.4989004
2005-05-13,1.083582
2005-05-16,-0.6235831
2005-05-17,1.178018
2005-05-18,0.897863
2005-05-19,0.05047331
2005-05-20,-0.9633999
2005-05-23,-3.471394
2005-05-24,2.180905
2005-05-25,0.4492878
2005-05-26,-1.023466
2005-05-27,-0.7100863
2005-05-30,1.214623
2005-05-31,-0.1559296
2005-06-01,-2.196536
2005-06-02,-0.9245886
2005-06-03,-0.3143147
2005-06-06,1.398574
2005-06-07,0.2048985
2005-06-08,7.36857
2005-06-09,0.8376767
2005-06-10,-2.217688
2005-06-13,0.4952151
2005-06-14,-1.933049
2005-06-15,-2.869122
2005-06-16,0.8162195
2005-06-17,-0.5835817
2005-06-20,2.90629
2005-06-21,-0.888011
2005-06-22,0.3930502
2005-06-23,-1.2809
2005-06-24,0.3905558
2005-06-27,2.629997
2005-06-28,-2.085589
2005-06-29,-0.6532067
2005-06-30,-3.149472
2005-07-01,-4.478957
2005-07-04,-1.7422
2005-07-05,-0.6992842
2005-07-06,-0.3391421
2005-07-07,0.4717808
2005-07-08,-3.632728
2005-07-11,-1.288979
2005-07-12,3.314027
2005-07-13,-0.9040579
2005-07-14,-0.03010353
2005-07-15,-2.510919
2005-07-18,-2.918416
2005-07-19,0.8248996
2005-07-20,0.6096679
2005-07-21,-0.3159386
2005-07-22,2.526721
2005-07-25,-0.2721458
2005-07-26,2.367581
2005-07-27,2.020453
2005-07-28,-0.1535682
2005-07-29,-0.4997832
2005-08-01,0.7005103
2005-08-02,1.800526
2005-08-03,1.041112
2005-08-04,-0.8270304
2005-08-05,2.725226
2005-08-08,1.30023
2005-08-09,1.734001
2005-08-10,1.203128
2005-08-11,1.23248
2005-08-12,-2.099574
2005-08-15,2.661206
2005-08-16,0.1019696
2005-08-17,1.917285
2005-08-18,-3.96641
2005-08-19,-0.3432331
2005-08-22,1.210193
2005-08-23,-1.605893
2005-08-24,1.277613
2005-08-25,1.327205
2005-08-26,0.7415726
2005-08-29,-0.9683881
2005-08-30,-1.164443
2005-08-31,1.8177
2005-09-01,2.339855
2005-09-02,0.8201027
2005-09-05,1.502664
2005-09-06,-2.831738
2005-09-07,2.827769
2005-09-08,0.0293349
2005-09-09,-0.9918667
2005-09-12,0.6359668
2005-09-13,2.296994
2005-09-14,0.9412888
2005-09-15,0.3692215
2005-09-16,-0.002134071
2005-09-19,1.479157
2005-09-20,-0.557679
2005-09-21,-2.023843
2005-09-22,-4.02748
2005-09-23,-1.595237
2005-09-26,0.4919277
2005-09-27,-2.474561
2005-09-28,-0.5368171
2005-09-29,2.20719
2005-09-30,-0.5099495
2005-10-10,-1.936878
2005-10-11,2.390532
2005-10-12,1.03224
2005-10-13,-0.7711099
2005-10-14,-1.294692
2005-10-17,0.01197798
2005-10-18,1.777041
2005-10-19,-0.7377859
2005-10-20,-0.4080938
2005-10-21,0.8067338
2005-10-24,0.3514838
2005-10-25,-2.504809
2005-10-26,-3.263709
2005-10-27,-1.031344
2005-10-28,-3.156709
2005-10-31,0.9140827
2005-11-01,-0.8888208
2005-11-02,2.310149
2005-11-03,-1.129509
2005-11-04,0.8303262
2005-11-07,0.8274466
2005-11-08,0.9391178
2005-11-09,-0.6403647
2005-11-10,-3.367133
2005-11-11,0.5135044
2005-11-14,0.5783338
2005-11-15,-0.6764332
2005-11-16,0.7936478
2005-11-17,-0.08166143
2005-11-18,2.276389
2005-11-21,0.4261291
2005-11-22,-2.449175
2005-11-23,0.7786497
2005-11-24,0.395308
2005-11-25,0.03237255
2005-11-28,-0.360921
2005-11-29,-1.656584
2005-11-30,0.09516363
2005-12-01,-0.2746956
2005-12-02,-1.567266
2005-12-05,-3.140556
2005-12-06,0.390761
2005-12-07,1.049008
2005-12-08,-0.3343734
2005-12-09,1.704502
2005-12-12,0.6667875
2005-12-13,-0.03086881
2005-12-14,0.9624486
2005-12-15,-0.723798
2005-12-16,0.7296834
2005-12-19,0.1301366
2005-12-20,0.1119277
2005-12-21,-1.087315
2005-12-22,0.463159
2005-12-23,1.225443
2005-12-26,0.843416
2005-12-27,-0.1090235
2005-12-28,0.1983048
2005-12-29,0.8467802
2005-12-30,-1.230008
2006-01-04,1.398858
2006-01-05,1.294103
2006-01-06,0.8681254
2006-01-09,1.325269
2006-01-10,0.4060112
2006-01-11,-0.8849126
2006-01-12,1.866155
2006-01-13,0.2378398
2006-01-16,-1.712387
2006-01-17,0.08367058
2006-01-18,1.972008
2006-01-19,0.7734052
2006-01-20,-0.1449925
2006-01-23,0.1643844
2006-01-24,-0.5279809
2006-01-25,-0.720276
2006-02-06,2.400463
2006-02-07,0.2387916
2006-02-08,0.7438136
2006-02-09,-1.429053
2006-02-10,1.010121
2006-02-13,-0.1184407
2006-02-14,0.687402
2006-02-15,-0.1408972
2006-02-16,-3.240672
2006-02-17,-0.7738751
2006-02-20,-0.4557468
2006-02-21,1.773862
2006-02-22,-0.07608303
2006-02-23,0.1901822
2006-02-24,0.679301
2006-02-27,-0.3554987
2006-02-28,0.1606561
2006-03-01,0.8011929
2006-03-02,-2.299102
2006-03-03,0.009534768
2006-03-06,-0.4554168
2006-03-07,-3.189514
2006-03-08,-0.5071596
2006-03-09,-0.4975172
2006-03-10,0.2367427
2006-03-13,0.7858885
2006-03-14,0.1050205
2006-03-15,1.05876
2006-03-16,-0.03392771
2006-03-17,-0.3823408
2006-03-20,1.306859
2006-03-21,0.2166694
2006-03-22,0.9539608
2006-03-23,0.762447
2006-03-24,-1.071978
2006-03-27,0.9398871
2006-03-28,0.5474925
2006-03-29,0.07799077
2006-03-30,-1.411289
2006-03-31,0.44159
2006-04-03,1.78278
2006-04-04,1.222225
2006-04-05,0.8334302
2006-04-06,-0.1662672
2006-04-07,1.080704
2006-04-10,2.348103
2006-04-11,0.05049154
2006-04-12,-0.07278243
2006-04-13,-3.282212
2006-04-14,2.232897
2006-04-17,0.5343044
2006-04-18,-0.2765871
2006-04-19,-0.5256048
2006-04-20,-1.658195
2006-04-21,0.5132861
2006-04-24,-2.652124
2006-04-25,-0.4390941
2006-04-26,1.559673
2006-04-27,0.2883348
2006-04-28,0.7151733
2006-05-08,3.766677
2006-05-09,3.503244
2006-05-10,2.020827
2006-05-11,-0.7367726
2006-05-12,3.968122
2006-05-15,5.208513
2006-05-16,-3.908659
2006-05-17,1.988981
2006-05-18,0.9936674
2006-05-19,2.954927
2006-05-22,2.836589
2006-05-23,-5.326301
2006-05-24,-2.317256
2006-05-25,1.622996
2006-05-26,2.520283
2006-05-29,3.087579
2006-05-30,1.562579
2006-05-31,-0.4298917
2006-06-01,4.382062
2006-06-02,0.4307156
2006-06-05,2.25542
2006-06-06,-0.6410326
2006-06-07,-8.236158
2006-06-08,-0.5116258
2006-06-09,-2.949107
2006-06-12,-0.03085591
2006-06-13,0.5313439
2006-06-14,-0.6601591
2006-06-15,0.2599076
2006-06-16,2.454657
2006-06-19,1.131489
2006-06-20,0.8095347
2006-06-21,-0.6315949
2006-06-22,-0.3647591
2006-06-23,1.220463
2006-06-26,2.130242
2006-06-27,0.3104956
2006-06-28,-0.002815522
2006-06-29,2.083047
2006-06-30,-0.5155786
2006-07-03,1.744726
2006-07-04,-0.8397497
2006-07-05,-0.9546412
2006-07-06,2.591037
2006-07-07,-0.1647241
2006-07-10,0.8810352
2006-07-11,0.6907011
2006-07-12,-0.4429434
2006-07-13,-7.561496
2006-07-14,0.6541652
2006-07-17,1.845054
2006-07-18,0.566206
2006-07-19,-2.624003
2006-07-20,0.9623925
2006-07-21,0.6613993
2006-07-24,0.1085588
2006-07-25,1.361362
2006-07-26,0.2988905
2006-07-27,-1.371535
2006-07-28,-1.095052
2006-07-31,-4.701012
2006-08-01,-1.39105
2006-08-02,-0.5504465
2006-08-03,-0.1532749
2006-08-04,-3.521582
2006-08-07,-2.904654
2006-08-08,3.270501
2006-08-09,-0.005059988
2006-08-10,1.786984
2006-08-11,0.3789502
2006-08-14,-3.314423
2006-08-15,1.99264
2006-08-16,1.588021
2006-08-17,-0.9637511
2006-08-18,-0.6891187
2006-08-21,0.3528847
2006-08-22,0.9553172
2006-08-23,-0.3965025
2006-08-24,0.8813838
2006-08-25,0.1518632
2006-08-28,2.301913
2006-08-29,-0.01716213
2006-08-30,0.7167455
2006-08-31,0.5379507
2006-09-01,-2.088377
2006-09-04,2.034658
2006-09-05,0.2041631
2006-09-06,0.4994269
2006-09-07,-1.772657
2006-09-08,0.1814802
2006-09-11,0.5668675
2006-09-12,0.4077243
2006-09-13,-1.336551
2006-09-14,-0.06537445
2006-09-15,1.174427
2006-09-18,1.579866
2006-09-19,0.005979002
2006-09-20,0.1928672
2006-09-21,0.3004519
2006-09-22,-1.237164
2006-09-25,-0.04335804
2006-09-26,-0.4576879
2006-09-27,0.8355786
2006-09-28,0.6584574
2006-09-29,0.8501149
2006-10-09,1.722358
2006-10-10,0.4662593
2006-10-11,0.2104873
2006-10-12,-1.021474
2006-10-13,0.3949943
2006-10-16,-0.3431398
2006-10-17,-0.3146328
2006-10-18,1.120059
2006-10-19,0.2857989
2006-10-20,-1.023685
2006-10-23,-3.577298
2006-10-24,2.450321
2006-10-25,-0.7595203
2006-10-26,-0.6834696
2006-10-27,-1.815892
2006-10-30,-0.07564557
2006-10-31,1.001877
2006-11-01,0.3624783
2006-11-02,-0.3484472
2006-11-03,0.3404686
2006-11-06,-0.5641506
2006-11-07,-1.207275
2006-11-08,-0.5058144
2006-11-09,1.059659
2006-11-10,-2.811263
2006-11-13,-3.529495
2006-11-14,1.096439
2006-11-15,1.564964
2006-11-16,-1.523434
2006-11-17,1.08506
2006-11-20,-0.5386695
2006-11-21,0.5545504
2006-11-22,1.178443
2006-11-23,0.4694895
2006-11-24,1.077131
2006-11-27,1.70196
2006-11-28,0.1963547
2006-11-29,0.6852815
2006-11-30,1.433984
2006-12-01,0.04485805
2006-12-04,1.717072
2006-12-05,0.7579389
2006-12-06,-1.727388
2006-12-07,-0.705286
2006-12-08,-3.882042
2006-12-11,2.896669
2006-12-12,0.01450069
2006-12-13,0.138883
2006-12-14,1.434467
2006-12-15,0.9383373
2006-12-18,1.226239
2006-12-19,0.4787565
2006-12-20,1.541409
2006-12-21,-0.9827041
2006-12-22,-0.4348932
2006-12-25,0.7116183
2006-12-26,-1.39689
2006-12-27,0.3536514
2006-12-28,-2.578548
2006-12-29,1.151497
2007-01-04,-0.03066642
2007-01-05,2.61317
2007-01-08,4.035184
2007-01-09,1.921137
2007-01-10,2.475901
2007-01-11,0.6001916
2007-01-12,-3.839092
2007-01-15,5.019651
2007-01-16,2.609274
2007-01-17,-0.7997004
2007-01-18,2.391508
2007-01-19,3.329768
2007-01-22,4.502489
2007-01-23,0.5274177
2007-01-24,0.7977384
2007-01-25,-4.941721
2007-01-26,0.3330652
2007-01-29,3.458028
2007-01-30,-0.3967834
2007-01-31,-5.172783
2007-02-01,0.5940636
2007-02-02,-1.921032
2007-02-05,1.17791
2007-02-06,2.334419
2007-02-07,1.447528
2007-02-08,1.804868
2007-02-09,0.1636737
2007-02-12,2.492219
2007-02-13,1.692221
2007-02-14,2.008301
2007-02-15,2.91397
2007-02-16,1.058025
2007-02-26,4.287223
2007-02-27,-9.42274
2007-02-28,4.811943
2007-03-01,-2.128277
2007-03-02,1.748228
2007-03-05,0.00441699
2007-03-06,0.2395378
2007-03-07,2.243565
2007-03-08,2.030291
2007-03-09,-0.04912932
2007-03-12,2.229458
2007-03-13,1.389921
2007-03-14,-0.6646141
2007-03-15,1.984145
2007-03-16,-2.069983
2007-03-19,0.9895344
2007-03-20,2.20098
2007-03-21,1.774269
2007-03-22,0.5126734
2007-03-23,1.212249
2007-03-26,2.571286
2007-03-27,1.332695
2007-03-28,-1.372056
2007-03-29,-3.684339
2007-03-30,0.9617274
2007-04-02,2.298696
2007-04-03,1.303936
2007-04-04,0.8365903
2007-04-05,1.5444
2007-04-06,1.259025
2007-04-09,1.631362
2007-04-10,0.6148579
2007-04-11,1.077548
2007-04-12,2.236596
2007-04-13,-0.4979966
2007-04-16,2.995617
2007-04-17,2.671142
2007-04-18,2.414795
2007-04-19,-5.787593
2007-04-20,5.06158
2007-04-23,4.244461
2007-04-24,0.5247567
2007-04-25,-0.5072541
2007-04-26,1.281664
2007-04-27,-0.6604217
2007-04-30,1.151355
2007-05-08,4.196904
2007-05-09,-0.009634813
2007-05-10,1.106119
2007-05-11,-0.4538999
2007-05-14,0.5122562
2007-05-15,-3.281805
2007-05-16,2.68678
2007-05-17,2.538838
2007-05-18,0.4746704
2007-05-21,2.636367
2007-05-22,2.077497
2007-05-23,2.62417
2007-05-24,-1.027751
2007-05-25,1.315537
2007-05-28,2.128269
2007-05-29,1.562289
2007-05-30,-9.220168
2007-05-31,-4.694569
2007-06-01,-7.621943
2007-06-04,-9.345362
2007-06-05,0.5978057
2007-06-06,1.251899
2007-06-07,4.700771
2007-06-08,1.556335
2007-06-11,1.895962
2007-06-12,2.254476
2007-06-13,3.777633
2007-06-14,-1.635081
2007-06-15,-0.2546589
2007-06-18,2.874369
2007-06-19,1.574006
2007-06-20,-2.988055
2007-06-21,-0.6060509
2007-06-22,-6.31954
2007-06-25,-7.378663
2007-06-26,1.524294
2007-06-27,2.221451
2007-06-28,-7.269119
2007-06-29,-5.081565
2007-07-02,1.493102
2007-07-03,1.382382
2007-07-04,-2.708308
2007-07-05,-6.817294
2007-07-06,5.821649
2007-07-09,2.97458
2007-07-10,-3.154874
2007-07-11,1.177637
2007-07-12,0.6177161
2007-07-13,-0.4403972
2007-07-16,-3.225395
2007-07-17,1.989661
2007-07-18,0.1188808
2007-07-19,0.6898759
2007-07-20,3.453713
2007-07-23,5.032447
2007-07-24,-0.09827475
2007-07-25,2.779472
2007-07-26,1.83554
2007-07-27,1.852932
2007-07-30,2.034558
2007-07-31,1.22721
2007-08-01,-5.767556
2007-08-02,3.616029
2007-08-03,1.341475
2007-08-06,1.965568
2007-08-07,-0.4956077
2007-08-08,-1.741291
2007-08-09,0.8525852
2007-08-10,-2.397838
2007-08-13,-0.3705969
2007-08-14,2.514945
2007-08-15,-0.6000909
2007-08-16,0.5181095
2007-08-17,-0.8596253
2007-08-20,3.771653
2007-08-21,0.7554291
2007-08-22,1.143664
2007-08-23,1.014098
2007-08-24,0.4123127
2007-08-27,-0.6216909
2007-08-28,-0.2408296
2007-08-29,-1.101859
2007-08-30,3.165937
2007-08-31,1.010272
2007-09-03,2.279032
2007-09-04,-0.985912
2007-09-05,0.5424848
2007-09-06,0.8279734
2007-09-07,-2.610477
2007-09-10,1.793631
2007-09-11,-6.646335
2007-09-12,0.7987296
2007-09-13,1.717711
2007-09-14,1.365992
2007-09-17,2.070262
2007-09-18,0.3198345
2007-09-19,-1.601985
2007-09-20,1.036113
2007-09-21,-1.293739
2007-09-24,0.06848041
2007-09-25,-0.9570021
2007-09-26,-1.578702
2007-09-27,0.8585997
2007-09-28,2.03063
2007-10-08,-0.3299757
2007-10-09,0.8331038
2007-10-10,-0.8697693
2007-10-11,-1.898046
2007-10-12,-2.79987
2007-10-15,0.07250638
2007-10-16,1.135655
2007-10-17,-0.2720305
2007-10-18,-2.361649
2007-10-19,-0.5354506
2007-10-22,-3.038493
2007-10-23,0.01490944
2007-10-24,-2.152732
2007-10-25,-8.120727
2007-10-26,-0.9066054
2007-10-29,1.348066
2007-10-30,2.162998
2007-10-31,3.727604
2007-11-01,-3.12037
2007-11-02,-2.481826
2007-11-05,1.315394
2007-11-06,0.7130901
2007-11-07,-0.4067338
2007-11-08,-4.041357
2007-11-09,-1.041984
2007-11-12,-1.684289
2007-11-13,0.5217659
2007-11-14,3.461578
2007-11-15,-1.477193
2007-11-16,0.05053139
2007-11-19,2.483424
2007-11-20,1.273234
2007-11-21,-1.355364
2007-11-22,-4.866168
2007-11-23,1.868043
2007-11-26,-0.7897671
2007-11-27,-0.9331138
2007-11-28,-0.5595597
2007-11-29,2.543541
2007-11-30,-1.664258
2007-12-03,0.940291
2007-12-04,0.41054
2007-12-05,1.813158
2007-12-06,0.3885649
2007-12-07,1.57198
2007-12-10,2.612455
2007-12-11,1.078685
2007-12-12,0.3880627
2007-12-13,-3.139721
2007-12-14,2.020436
2007-12-17,0.1808671
2007-12-18,-1.098805
2007-12-19,2.139299
2007-12-20,1.188986
2007-12-21,1.439351
2007-12-24,1.436789
2007-12-25,0.9107051
2007-12-26,1.902902
2007-12-27,0.9027081
2007-12-28,-0.44014
2008-01-02,3.173172
2008-01-03,1.964887
2008-01-04,0.1339916
2008-01-07,1.578569
2008-01-08,-2.769602
2008-01-09,2.637343
2008-01-10,0.363288
2008-01-11,-0.3184703
2008-01-14,1.283002
2008-01-15,0.8332003
2008-01-16,-1.522455
2008-01-17,-2.580436
2008-01-18,0.8384744
2008-01-21,-4.735085
2008-01-22,-9.373884
2008-01-23,4.463155
2008-01-24,2.725521
2008-01-25,0.02674558
2008-01-28,-8.037926
2008-01-29,1.499349
2008-01-30,0.4845334
2008-01-31,-3.487948
2008-02-01,-4.664945
2008-02-04,8.002289
2008-02-05,0.2716691
2008-02-13,-0.6343256
2008-02-14,1.844212
2008-02-15,-0.7310068
2008-02-18,2.825587
2008-02-19,1.853744
2008-02-20,-1.218828
2008-02-21,0.9540594
2008-02-22,-2.573497
2008-02-25,-3.794146
2008-02-26,0.3128836
2008-02-27,2.325674
2008-02-28,0.1904447
2008-02-29,1.330933
2008-03-03,2.987215
2008-03-04,-1.044937
2008-03-05,0.2446629
2008-03-06,0.5241564
2008-03-07,-1.984337
2008-03-10,-3.569959
2008-03-11,1.23547
2008-03-12,-2.728488
2008-03-13,-3.909341
2008-03-14,-0.6742874
2008-03-17,-8.119908
2008-03-18,-7.795188
2008-03-19,4.101068
2008-03-20,3.632052
2008-03-21,1.138831
2008-03-24,-2.51043
2008-03-25,1.356651
2008-03-26,-0.3325357
2008-03-27,-5.69568
2008-03-28,2.881213
2008-03-31,-4.819052
2008-04-01,-8.90797
2008-04-02,-5.975971
2008-04-03,2.339256
2008-04-07,6.172229
2008-04-08,1.992786
2008-04-09,-6.062256
2008-04-10,2.490702
2008-04-11,1.631313
2008-04-14,-7.296264
2008-04-15,2.852321
2008-04-16,-2.691564
2008-04-17,-4.128752
2008-04-18,-5.833316
2008-04-21,-0.7937993
2008-04-22,-1.773213
2008-04-23,4.480014
2008-04-24,9.049269
2008-04-25,0.7135594
2008-04-28,-1.036919
2008-04-29,1.07754
2008-04-30,3.76832
2008-05-05,3.385927
2008-05-06,-0.5934866
2008-05-07,-4.732091
2008-05-08,3.173977
2008-05-09,-0.2626984
2008-05-12,1.8065
2008-05-13,-0.08831673
2008-05-14,2.552524
2008-05-15,-0.9242464
2008-05-16,-1.488155
2008-05-19,-0.06516089
2008-05-20,-6.838529
2008-05-21,2.058004
2008-05-22,-1.278139
2008-05-23,-1.179406
2008-05-26,-3.276992
2008-05-27,0.5508409
2008-05-28,2.567967
2008-05-29,-2.700957
2008-05-30,0.2567132
2008-06-02,0.7642325
2008-06-03,-0.4697132
2008-06-04,-1.875774
2008-06-05,-0.7030594
2008-06-06,-0.4908837
2008-06-10,-9.670104
2008-06-11,-3.228925
2008-06-12,-1.1315
2008-06-13,-4.634025
2008-06-16,-2.162623
2008-06-17,-5.857565
2008-06-18,5.349868
2008-06-19,-9.366043
2008-06-20,1.377963
2008-06-23,-2.319811
2008-06-24,2.871597
2008-06-25,5.445123
2008-06-26,1.329796
2008-06-27,-7.950447
2008-06-30,0.07565246
2008-07-01,-2.187215
2008-07-02,1.455756
2008-07-03,3.940315
2008-07-04,-0.2937818
2008-07-07,5.18508
2008-07-08,1.447515
2008-07-09,2.898835
2008-07-10,-2.068264
2008-07-11,-1.030909
2008-07-14,1.974548
2008-07-15,-3.155799
2008-07-16,-5.370535
2008-07-17,-1.10866
2008-07-18,3.309355
2008-07-21,3.879209
2008-07-22,0.3528688
2008-07-23,-0.7847583
2008-07-24,2.418173
2008-07-25,-0.845258
2008-07-28,1.389036
2008-07-29,-2.042528
2008-07-30,-0.3433331
2008-07-31,-3.815151
2008-08-01,1.299752
2008-08-04,-2.621414
2008-08-05,-2.929153
2008-08-06,0.1453834
2008-08-07,0.6209374
2008-08-08,-7.68149
2008-08-11,-8.626655
2008-08-12,-1.681563
2008-08-13,-0.2669699
2008-08-14,0.3944225
2008-08-15,-0.1061351
2008-08-18,-8.001484
2008-08-19,1.401043
2008-08-20,8.038044
2008-08-21,-3.796817
2008-08-22,-1.845934
2008-08-25,-0.07344516
2008-08-26,-5.696512
2008-08-27,-0.1631029
2008-08-28,-0.004224103
2008-08-29,2.98942
2008-09-01,-3.073218
2008-09-02,0.6014789
2008-09-03,-0.5062533
2008-09-04,0.7235954
2008-09-05,-5.07507
2008-09-08,-5.265263
2008-09-09,0.8060205
2008-09-10,0.6626011
2008-09-11,-2.381675
2008-09-12,0.02490824
2008-09-16,-2.510298
2008-09-17,-1.976546
2008-09-18,-3.360343
2008-09-19,9.406698
2008-09-22,4.516155
2008-09-23,-7.058327
2008-09-24,1.694661
2008-09-25,2.467325
2008-09-26,0.04787166
2008-10-06,-4.406166
2008-10-07,-0.3490209
2008-10-08,-2.526959
2008-10-09,-1.22743
2008-10-10,-7.332292
2008-10-13,1.818205
2008-10-14,-2.871177
2008-10-15,-0.7251136
2008-10-16,-6.295839
2008-10-17,1.234755
2008-10-20,3.309022
2008-10-21,-0.129587
2008-10-22,-1.955801
2008-10-23,0.8018597
2008-10-24,-1.499975
2008-10-27,-8.439812
2008-10-28,2.269679
2008-10-29,-3.624
2008-10-30,0.9476977
2008-10-31,-2.004629
2008-11-03,-1.24671
2008-11-04,-1.647154
2008-11-05,3.416018
2008-11-06,-1.892926
2008-11-07,1.785402
2008-11-10,7.290005
2008-11-11,-0.9474965
2008-11-12,2.555832
2008-11-13,4.500541
2008-11-14,4.648013
2008-11-17,4.670267
2008-11-18,-8.518027
2008-11-19,6.780181
2008-11-20,0.05370138
2008-11-21,-1.636637
2008-11-24,-4.321576
2008-11-25,-0.6723745
2008-11-26,0.5744653
2008-11-27,1.26044
2008-11-28,-1.391491
2008-12-01,4.371725
2008-12-02,1.736737
2008-12-03,4.195088
2008-12-04,-0.2035176
2008-12-05,2.753306
2008-12-08,4.345843
2008-12-09,-2.661288
2008-12-10,2.984106
2008-12-11,-3.07033
2008-12-12,-5.107536
2008-12-15,1.541464
2008-12-16,1.590804
2008-12-17,1.154162
2008-12-18,1.745716
2008-12-19,0.8928112
2008-12-22,0.3799835
2008-12-23,-6.859233
2008-12-24,-2.38691
2008-12-25,-0.2001553
2008-12-26,-0.5526958
2008-12-29,-0.5633468
2008-12-30,-0.6589481
2008-12-31,-1.675409
2009-01-05,4.26898
2009-01-06,3.386917
2009-01-07,0.3771176
2009-01-08,-2.369664
2009-01-09,2.747285
2009-01-12,1.129348
2009-01-13,-3.104823
2009-01-14,3.77374
2009-01-15,0.7826496
2009-01-16,0.4849902
2009-01-19,-0.1360703
2009-01-20,0.8861646
2009-01-21,-0.3212596
2009-01-22,1.456769
2009-01-23,-0.7893565
2009-02-02,2.809005
2009-02-03,2.670888
2009-02-04,1.978055
2009-02-05,-1.511324
2009-02-06,4.302698
2009-02-09,2.959967
2009-02-10,2.567222
2009-02-11,-0.0448074
2009-02-12,1.396212
2009-02-13,3.355376
2009-02-16,1.897641
2009-02-17,-4.037464
2009-02-18,-4.399224
2009-02-19,1.821914
2009-02-20,3.152137
2009-02-23,3.216071
2009-02-24,-4.38549
2009-02-25,0.6641517
2009-02-26,-7.331909
2009-02-27,-6.663989
2009-03-02,2.177487
2009-03-03,0.4552815
2009-03-04,5.919543
2009-03-05,0.8607869
2009-03-06,-0.7089608
2009-03-09,-4.551068
2009-03-10,2.512198
2009-03-11,-0.457532
2009-03-12,0.1782639
2009-03-13,-0.9344308
2009-03-16,1.30937
2009-03-17,3.450041
2009-03-18,0.8877686
2009-03-19,2.121894
2009-03-20,-0.6088293
2009-03-23,1.881837
2009-03-24,0.6920062
2009-03-25,-2.518169
2009-03-26,2.427337
2009-03-27,0.7695695
2009-03-30,0.3660802
2009-03-31,0.7041525
2009-04-01,1.617606
2009-04-02,0.0009598867
2009-04-03,-1.023708
2009-04-07,1.248075
2009-04-08,-3.556063
2009-04-09,1.764198
2009-04-10,3.047147
2009-04-13,1.395573
2009-04-14,1.577066
2009-04-15,1.267709
2009-04-16,0.2083542
2009-04-17,-1.663373
2009-04-20,2.718446
2009-04-21,-0.2524697
2009-04-22,-5.14378
2009-04-23,0.4074364
2009-04-24,-0.9308677
2009-04-27,-4.275228
2009-04-28,0.9863879
2009-04-29,2.536225
2009-04-30,1.200183
2009-05-04,3.23431
2009-05-05,1.100928
2009-05-06,1.455789
2009-05-07,-0.7404729
2009-05-08,0.2139286
2009-05-11,-4.082878
2009-05-12,2.376859
2009-05-13,0.7908116
2009-05-14,0.1199315
2009-05-15,0.5960861
2009-05-18,0.7219007
2009-05-19,0.8368206
2009-05-20,-0.8709186
2009-05-21,-2.266162
2009-05-22,0.035612
2009-05-25,-0.02404643
2009-05-26,0.1651761
2009-05-27,0.05751321
2009-06-01,1.573234
2009-06-02,0.3860475
2009-06-03,0.8514694
2009-06-04,-0.3809246
2009-06-05,-0.5418131
2009-06-08,-0.04925762
2009-06-09,0.5179546
2009-06-10,1.094895
2009-06-11,-0.7640228
2009-06-12,-2.289753
2009-06-15,1.444712
2009-06-16,-0.2788066
2009-06-17,1.245118
2009-06-18,0.505975
2009-06-19,0.08288746
2009-06-22,-0.733979
2009-06-23,-0.3151638
2009-06-24,1.070773
2009-06-25,-0.1544864
2009-06-26,0.2967916
2009-06-29,0.5678963
2009-06-30,-1.003267
2009-07-01,0.8829361
2009-07-02,0.873892
2009-07-03,0.6989197
2009-07-06,0.2181204
2009-07-07,0.2333956
2009-07-08,1.040334
2009-07-09,1.887739
2009-07-10,0.26623
2009-07-13,0.7204933
2009-07-14,1.529516
2009-07-15,0.7844741
2009-07-16,-0.7184653
2009-07-17,0.6498659
2009-07-20,1.762298
2009-07-21,-2.640975
2009-07-22,1.407521
2009-07-23,0.7779955
2009-07-24,-0.7553352
2009-07-27,1.708669
2009-07-28,1.093943
2009-07-29,-6.588397
2009-07-30,0.7792009
2009-07-31,2.974205
2009-08-03,1.970302
2009-08-04,0.7788674
2009-08-05,0.1208021
2009-08-06,-1.660619
2009-08-07,-2.92544
2009-08-10,0.8066958
2009-08-11,0.5474933
2009-08-12,-5.200623
2009-08-13,0.1269108
2009-08-14,-4.868837
2009-08-17,-7.292268
2009-08-18,1.67878
2009-08-19,-5.587777
2009-08-20,3.756048
2009-08-21,2.714658
2009-08-24,2.029813
2009-08-25,-2.020214
2009-08-26,3.06122
2009-08-27,0.9482488
2009-08-28,-2.875173
2009-08-31,-7.629708
2009-09-01,-0.7762394
2009-09-02,0.6062474
2009-09-03,4.681761
2009-09-04,1.475305
2009-09-07,0.9862234
2009-09-08,1.543139
2009-09-09,0.4613411
2009-09-10,-1.110393
2009-09-11,1.528523
2009-09-14,2.380867
2009-09-15,0.8643625
2009-09-16,-0.05373764
2009-09-17,2.182115
2009-09-18,-3.445304
2009-09-21,1.183359
2009-09-22,-2.658439
2009-09-23,-2.979067
2009-09-24,-0.7911982
2009-09-25,-0.8189672
2009-09-28,-3.196918
2009-09-29,-2.275561
2009-09-30,0.9652236
2009-10-09,4.864403
2009-10-12,0.3703651
2009-10-13,1.574745
2009-10-14,0.8780621
2009-10-15,0.3117229
2009-10-16,0.1891168
2009-10-19,2.235294
2009-10-20,1.345109
2009-10-21,-0.845834
2009-10-22,0.1800455
2009-10-23,1.233361
2009-10-26,0.03639176
2009-10-27,-3.082863
2009-10-28,1.00251
2009-10-29,-2.240773
2009-10-30,1.062696
2009-11-02,2.820634
2009-11-03,2.131765
2009-11-04,0.6547153
2009-11-05,0.8726239
2009-11-06,0.3724072
2009-11-09,0.8044842
2009-11-10,-0.01206799
2009-11-11,0.2780571
2009-11-12,0.366321
2009-11-13,1.071799
2009-11-16,2.175273
2009-11-17,0.3230514
2009-11-18,0.4026043
2009-11-19,1.515549
2009-11-20,0.5180364
2009-11-23,1.74832
2009-11-24,-5.599458
2009-11-25,3.375222
2009-11-26,-4.362064
2009-11-27,-2.855965
2009-11-30,4.120687
2009-12-01,2.53181
2009-12-02,1.353442
2009-12-03,0.6462385
2009-12-04,-2.574589
2009-12-07,1.599017
2009-12-08,-0.2553202
2009-12-09,-1.780028
2009-12-10,0.8075967
2009-12-11,-0.1800751
2009-12-14,-0.4985123
2009-12-15,0.1765846
2009-12-16,-0.6849493
2009-12-17,-3.2844
2009-12-18,-3.661596
2009-12-21,1.257185
2009-12-22,-3.131425
2009-12-23,1.620009
2009-12-24,3.012334
2009-12-25,0.3325753
2009-12-28,1.54076
2009-12-29,0.3801335
2009-12-30,-0.3726266
2009-12-31,0.8051513
2010-01-04,0.1103187
2010-01-05,0.8759795
2010-01-06,-0.3798697
2010-01-07,-2.253427
2010-01-08,0.899086
2010-01-11,0.543334
2010-01-12,1.996554
2010-01-13,-1.232603
2010-01-14,2.366472
2010-01-15,0.6506409
2010-01-18,1.392803
2010-01-19,-0.2236261
2010-01-20,-3.878967
2010-01-21,0.442955
2010-01-22,-2.794303
2010-01-25,-1.418695
2010-01-26,-3.897869
2010-01-27,-0.8252529
2010-01-28,1.11266
2010-01-29,0.6297098
2010-02-01,-1.550791
2010-02-02,-0.6066824
2010-02-03,1.576522
2010-02-04,0.6852026
2010-02-05,-2.100652
2010-02-08,0.09633741
2010-02-09,0.08798758
2010-02-10,1.28372
2010-02-11,-0.24727
2010-02-12,1.164977
2010-02-22,-0.0005721488
2010-02-23,0.6162052
2010-02-24,2.195393
2010-02-25,1.512759
2010-02-26,0.007674589
2010-03-01,1.167499
2010-03-02,-0.04441104
2010-03-03,1.020507
2010-03-04,-3.675779
2010-03-05,0.3313956
2010-03-08,1.111978
2010-03-09,0.09145405
2010-03-10,-1.191228
2010-03-11,-0.4432429
2010-03-12,-1.475971
2010-03-15,-0.9107549
2010-03-16,0.7701589
2010-03-17,2.391544
2010-03-18,0.2021787
2010-03-19,0.7267709
2010-03-22,0.573796
2010-03-23,-0.6491049
2010-03-24,0.4046807
2010-03-25,-1.259115
2010-03-26,1.152669
2010-03-29,0.7521871
2010-03-30,0.6124189
2010-03-31,0.2048984
2010-04-01,1.387429
2010-04-02,0.2947385
2010-04-06,0.4470928
2010-04-07,0.2792727
2010-04-08,-0.3942531
2010-04-09,1.333939
2010-04-12,0.7099077
2010-04-13,-1.749998
2010-04-14,0.9157408
2010-04-15,-1.319161
2010-04-16,-0.3048912
2010-04-19,-4.523938
2010-04-20,0.793161
2010-04-21,2.752976
2010-04-22,0.125085
2010-04-23,-0.8944772
2010-04-26,-0.4247213
2010-04-27,-2.941945
2010-04-28,-0.725041
2010-04-29,-2.873203
2010-04-30,-2.844465
2010-05-04,-0.4679002
2010-05-05,2.756578
2010-05-06,-3.489476
2010-05-07,-1.954026
2010-05-10,-1.426949
2010-05-11,-2.728555
2010-05-12,-2.111189
2010-05-13,2.301054
2010-05-14,0.1970464
2010-05-17,-7.028259
2010-05-18,1.109908
2010-05-19,-0.09814485
2010-05-20,-2.052554
2010-05-21,1.899726
2010-05-24,4.448425
2010-05-25,-0.9287228
2010-05-26,0.2048677
2010-05-27,1.848124
2010-05-28,0.1977906
2010-05-31,-3.446166
2010-06-01,-2.179842
2010-06-02,1.567054
2010-06-03,-0.8055569
2010-06-04,0.8056636
2010-06-07,-0.4289749
2010-06-08,0.9694615
2010-06-09,2.354256
2010-06-10,0.1008709
2010-06-11,-0.3061259
2010-06-17,-1.167016
2010-06-18,-4.232867
2010-06-21,2.864692
2010-06-22,0.6236113
2010-06-23,-0.4566904
2010-06-24,0.03940457
2010-06-25,-1.789406
2010-06-28,-1.67982
2010-06-29,-6.261747
2010-06-30,-2.098668
2010-07-01,-1.451127
2010-07-02,-0.4343977
2010-07-05,-0.7350643
2010-07-06,2.631931
2010-07-07,1.108279
2010-07-08,-0.5099044
2010-07-09,2.755719
2010-07-12,1.071101
2010-07-13,-1.714685
2010-07-14,0.8494296
2010-07-15,-2.54241
2010-07-16,0.4974609
2010-07-19,2.199632
2010-07-20,2.70103
2010-07-21,0.09329259
2010-07-22,1.364394
2010-07-23,-0.02716424
2010-07-26,1.160507
2010-07-27,-0.3313136
2010-07-28,1.998358
2010-07-29,0.662767
2010-07-30,-0.189536
2010-08-02,1.772058
2010-08-03,-1.812212
2010-08-04,0.9091113
2010-08-05,0.1733314
2010-08-06,1.836818
2010-08-09,1.283941
2010-08-10,-3.884745
2010-08-11,1.038814
2010-08-12,-1.337358
2010-08-13,1.847095
2010-08-16,2.113449
2010-08-17,0.7272342
2010-08-18,-0.2807403
2010-08-19,0.1084281
2010-08-20,-2.371007
2010-08-23,0.5733617
2010-08-24,1.122801
2010-08-25,-2.31265
2010-08-26,0.6073346
2010-08-27,0.5754711
2010-08-30,2.318861
2010-08-31,0.462936
2010-09-01,-1.542828
2010-09-02,1.846476
2010-09-03,0.6436802
2010-09-06,-0.1180654
2010-09-07,0.6361958
2010-09-08,0.5480447
2010-09-09,-1.648995
2010-09-10,0.7356184
2010-09-13,1.547389
2010-09-14,0.07671889
2010-09-15,-1.979457
2010-09-16,-2.690878
2010-09-17,-0.1401649
2010-09-20,-1.279462
2010-09-21,-0.2501485
2010-09-27,2.294753
2010-09-28,-0.7322594
2010-09-29,-1.32789
2010-09-30,1.396115
2010-10-08,2.254376
2010-10-11,0.7590826
2010-10-12,0.4337032
2010-10-13,0.4673772
2010-10-14,-2.89481
2010-10-15,-0.1478182
2010-10-18,-1.224321
2010-10-19,2.938769
2010-10-20,0.01901392
2010-10-21,0.4145283
2010-10-22,0.7784521
2010-10-25,2.282528
2010-10-26,0.3649828
2010-10-27,-0.9184882
2010-10-28,0.1028343
2010-10-29,0.8114067
2010-11-01,2.429846
2010-11-02,-0.5396479
2010-11-03,-1.425482
2010-11-04,1.883942
2010-11-05,1.300028
2010-11-08,2.164495
2010-11-09,0.2971716
2010-11-10,0.2383069
2010-11-11,-1.109357
2010-11-12,-6.890636
2010-11-15,2.555462
2010-11-16,-3.312634
2010-11-17,-3.145777
2010-11-18,1.390852
2010-11-19,2.4846
2010-11-22,1.193207
2010-11-23,-1.502621
2010-11-24,2.307989
2010-11-25,0.6963661
2010-11-26,-0.5181187
2010-11-29,0.3463
2010-11-30,-3.046714
2010-12-01,0.04317085
2010-12-02,0.519991
2010-12-03,-0.7377563
2010-12-06,-1.523014
2010-12-07,1.172108
2010-12-08,-0.5107633
2010-12-09,-2.034254
2010-12-10,1.239147
2010-12-13,2.786363
2010-12-14,0.995229
2010-12-15,-0.4314143
2010-12-16,-0.03638944
2010-12-17,0.1922815
2010-12-20,-1.461767
2010-12-21,1.15013
2010-12-22,-0.9593364
2010-12-23,-1.888861
2010-12-24,-1.793516
2010-12-27,-2.973473
2010-12-28,-2.200302
2010-12-29,1.508297
2010-12-30,0.1722805
2010-12-31,1.942288
2011-01-04,1.488615
2011-01-05,0.03499944
2011-01-06,-0.4769614
2011-01-07,-0.4613708
2011-01-10,-2.567787
2011-01-11,-0.6352302
2011-01-12,0.6709503
2011-01-13,-0.1622409
2011-01-14,-2.082663
2011-01-17,-4.347051
2011-01-18,0.3263909
2011-01-19,2.112577
2011-01-20,-3.653803
2011-01-21,0.8223046
2011-01-24,-1.986418
2011-01-25,-1.423577
2011-01-26,1.567981
2011-01-27,1.425062
2011-01-28,0.8477364
2011-01-31,1.158756
2011-02-01,0.07627815
2011-02-09,-0.6660094
2011-02-10,2.629558
2011-02-11,0.8904009
2011-02-14,1.616945
2011-02-15,-0.09886506
2011-02-16,1.582074
2011-02-17,0.289553
2011-02-18,-0.9578259
2011-02-21,1.776328
2011-02-22,-2.935841
2011-02-23,1.081109
2011-02-24,0.6200269
2011-02-25,0.01532743
2011-02-28,1.215197
2011-03-01,0.3383523
2011-03-02,-0.3559772
2011-03-03,-1.706856
2011-03-04,1.171949
2011-03-07,1.043905
2011-03-08,0.4160909
2011-03-09,0.09411452
2011-03-10,-0.6871916
2011-03-11,-0.2671353
2011-03-14,0.8817793
2011-03-15,-1.405402
2011-03-16,1.100775
2011-03-17,-1.943459
2011-03-18,0.6755995
2011-03-21,-0.5181692
2011-03-22,-0.09159534
2011-03-23,1.105097
2011-03-24,0.07208908
2011-03-25,0.5596781
2011-03-28,-0.3676958
2011-03-29,-1.820265
2011-03-30,-1.00353
2011-03-31,-1.104812
2011-04-01,1.252343
2011-04-06,-0.1098621
2011-04-07,0.6265244
2011-04-08,0.9665282
2011-04-11,-0.941037
2011-04-12,-0.1240266
2011-04-13,0.9980433
2011-04-14,-0.3251505
2011-04-15,-0.0949643
2011-04-18,0.2424733
2011-04-19,-1.197377
2011-04-20,0.5824636
2011-04-21,0.5547931
2011-04-22,-0.6635468
2011-04-25,-2.349001
2011-04-26,-1.803803
2011-04-27,-1.226197
2011-04-28,-3.290062
2011-04-29,1.420328
2011-05-03,1.374687
2011-05-04,-2.203496
2011-05-05,0.447777
2011-05-06,0.4002289
2011-05-09,0.7321816
2011-05-10,0.5575195
2011-05-11,0.1627786
2011-05-12,-1.584156
2011-05-13,0.7499686
2011-05-16,-0.2193965
2011-05-17,-0.4151577
2011-05-18,0.4661378
2011-05-19,-0.6018025
2011-05-20,-0.5307144
2011-05-23,-4.140315
2011-05-24,0.07398239
2011-05-25,-1.51227
2011-05-26,-0.9019756
2011-05-27,-2.893636
2011-05-30,-1.508718
2011-05-31,2.038841
2011-06-01,0.9183052
2011-06-02,-1.684391
2011-06-03,1.575767
2011-06-07,0.7847407
2011-06-08,0.286327
2011-06-09,-2.364577
2011-06-10,0.01756059
2011-06-13,-0.2008741
2011-06-14,1.361512
2011-06-15,-1.013445
2011-06-16,-2.357295
2011-06-17,-1.347987
2011-06-20,-1.320193
2011-06-21,1.333714
2011-06-22,-0.2301077
2011-06-23,1.903395
2011-06-24,2.256556
2011-06-27,1.154009
2011-06-28,0.1271679
2011-06-29,-1.36725
2011-06-30,1.24358
2011-07-01,0.4290222
2011-07-04,2.182699
2011-07-05,0.5905819
2011-07-06,0.2600988
2011-07-07,-0.01041101
2011-07-08,-0.2040412
2011-07-11,0.735335
2011-07-12,-1.854117
2011-07-13,1.914595
2011-07-14,1.041869
2011-07-15,0.6479233
2011-07-18,-0.083322
2011-07-19,-1.29725
2011-07-20,0.1137247
2011-07-21,-1.4087
2011-07-22,0.3947862
2011-07-25,-4.369347
2011-07-26,0.4252997
2011-07-27,1.592317
2011-07-28,-0.4431998
2011-07-29,-0.9435185
2011-08-01,0.5678862
2011-08-02,-0.6010584
2011-08-03,0.3447406
2011-08-04,0.2954316
2011-08-05,-2.42079
2011-08-08,-5.668745
2011-08-09,-0.548591
2011-08-10,1.321045
2011-08-11,1.72822
2011-08-12,1.118287
2011-08-15,1.513774
2011-08-16,-0.830546
2011-08-17,-0.2104094
2011-08-18,-1.966965
2011-08-19,-0.9329944
2011-08-22,-0.338196
2011-08-23,1.919897
2011-08-24,-0.1508165
2011-08-25,1.780061
2011-08-26,0.3682587
2011-08-29,-0.8754475
2011-08-30,-1.151353
2011-08-31,-0.5120452
2011-09-01,-0.6117393
2011-09-02,-1.238583
2011-09-05,-2.540478
2011-09-06,-0.7108174
2011-09-07,2.398633
2011-09-08,-1.168235
2011-09-09,-0.5256079
2011-09-13,-1.628326
2011-09-14,1.205614
2011-09-15,0.05861593
2011-09-16,-0.1345591
2011-09-19,-2.21943
2011-09-20,0.4965255
2011-09-21,2.823309
2011-09-22,-3.020376
2011-09-23,-0.7919897
2011-09-26,-1.586331
2011-09-27,0.4491375
2011-09-28,-1.730306
2011-09-29,-3.351485
2011-09-30,-0.2759113
2011-10-10,-0.4248602
2011-10-11,-0.1374209
2011-10-12,3.412822
2011-10-13,1.25042
2011-10-14,-0.5174419
2011-10-17,0.3626701
2011-10-18,-3.284968
2011-10-19,-0.4578438
2011-10-20,-3.07976
2011-10-21,-1.725464
2011-10-24,1.694759
2011-10-25,2.595366
2011-10-26,0.7819688
2011-10-27,1.596604e-05
2011-10-28,2.108998
2011-10-31,0.5663497
2011-11-01,-0.004556639
2011-11-02,1.690698
2011-11-03,0.3874768
2011-11-04,0.6914549
2011-11-07,-0.4479798
2011-11-08,-1.298027
2011-11-09,1.555769
2011-11-10,-1.396947
2011-11-11,-0.06426885
2011-11-14,2.403382
2011-11-15,0.5895958
2011-11-16,-2.823602
2011-11-17,0.06918199
2011-11-18,-2.981979
2011-11-21,0.01589006
2011-11-22,-0.1655152
2011-11-23,-0.5132196
2011-11-24,-0.255108
2011-11-25,-0.8446288
2011-11-28,-0.04162274
2011-11-29,1.543342
2011-11-30,-4.823481
2011-12-01,1.988441
2011-12-02,-2.206662
2011-12-05,-3.298569
2011-12-06,0.1681386
2011-12-07,0.2896557
2011-12-08,0.009692535
2011-12-09,-1.018872
2011-12-12,-1.28625
2011-12-13,-3.794475
2011-12-14,-1.970789
2011-12-15,-2.779535
2011-12-16,2.84008
2011-12-19,0.1179761
2011-12-20,-0.4204355
2011-12-21,-2.629034
2011-12-22,-1.830499
2011-12-23,0.7949551
2011-12-26,-0.7780853
2011-12-27,-3.003242
2011-12-28,-0.795428
2011-12-29,-0.02028613
2011-12-30,1.738125
2012-01-04,-2.671973
2012-01-05,-4.455981
2012-01-06,0.6176617
2012-01-09,4.105481
2012-01-10,3.922774
2012-01-11,0.06567002
2012-01-12,-0.3069399
2012-01-13,-4.206326
2012-01-16,-3.546816
2012-01-17,5.449981
2012-01-18,-2.535915
2012-01-19,1.047191
2012-01-20,1.33344
2012-01-30,-0.4747677
2012-01-31,0.08649936
2012-02-01,-0.6780841
2012-02-02,1.871721
2012-02-03,1.738394
2012-02-06,0.8278477
2012-02-07,-2.009754
2012-02-08,2.609532
2012-02-09,0.6355851
2012-02-10,0.4800316
2012-02-13,1.120922
2012-02-14,0.01940136
2012-02-15,1.625799
2012-02-16,-0.1914966
2012-02-17,-0.5075015
2012-02-20,0.1228666
2012-02-21,1.111673
2012-02-22,1.935937
2012-02-23,0.1778503
2012-02-24,1.140077
2012-02-27,0.0009460492
2012-02-28,-0.8074289
2012-02-29,-1.415413
2012-03-01,0.5173931
2012-03-02,1.858398
2012-03-05,0.09178501
2012-03-06,-1.131619
2012-03-07,-0.5621466
2012-03-08,1.358334
2012-03-09,1.430288
2012-03-12,0.470672
2012-03-13,0.8854327
2012-03-14,-4.946202
2012-03-15,-1.514473
2012-03-16,2.355972
2012-03-19,1.406348
2012-03-20,-2.543946
2012-03-21,0.1961009
2012-03-22,-0.2377575
2012-03-23,-2.019667
2012-03-26,-0.2443202
2012-03-27,-0.2215923
2012-03-28,-5.006773
2012-03-29,-2.128213
2012-03-30,-0.4751576
2012-04-05,3.035466
2012-04-06,0.6766054
2012-04-09,-1.200888
2012-04-10,1.113891
2012-04-11,0.3822415
2012-04-12,1.973049
2012-04-13,0.6706761
2012-04-16,-0.002643984
2012-04-17,-1.468415
2012-04-18,2.20853
2012-04-19,-0.1017149
2012-04-20,0.8081145
2012-04-23,-2.215496
2012-04-24,-1.298539
2012-04-25,1.18226
2012-04-26,-0.4812861
2012-04-27,-0.6539595
2012-05-02,1.168982
2012-05-03,0.3714091
2012-05-04,0.8915412
2012-05-07,0.7961367
2012-05-08,0.07805284
2012-05-09,-1.921799
2012-05-10,0.3250401
2012-05-11,-0.685539
2012-05-14,-0.3451493
2012-05-15,-0.3706249
2012-05-16,-1.27014
2012-05-17,1.376682
2012-05-18,-1.711607
2012-05-21,-0.3303028
2012-05-22,1.317175
2012-05-23,-0.4785902
2012-05-24,-0.7495244
2012-05-25,-1.460861
2012-05-28,1.098961
2012-05-29,1.509409
2012-05-30,0.1727461
2012-05-31,0.1679237
2012-06-01,-0.2653635
2012-06-04,-3.634846
2012-06-05,-0.1422138
2012-06-06,-0.3408783
2012-06-07,-0.5555755
2012-06-08,-0.3929587
2012-06-11,1.754457
2012-06-12,-0.6431927
2012-06-13,1.695602
2012-06-14,-0.7152418
2012-06-15,0.09951605
2012-06-18,0.9864203
2012-06-19,-0.7081898
2012-06-20,-0.1957323
2012-06-21,-1.59106
2012-06-25,-2.743859
2012-06-26,-0.08275211
2012-06-27,-0.3705673
2012-06-28,-1.506743
2012-06-29,1.271428
2012-07-02,1.036316
2012-07-03,0.2930928
2012-07-04,-0.4845637
2012-07-05,-2.389043
2012-07-06,1.73081
2012-07-09,-2.773771
2012-07-10,-1.095184
2012-07-11,0.7237826
2012-07-12,1.265241
2012-07-13,-0.8513751
2012-07-16,-4.381371
2012-07-17,0.805808
2012-07-18,0.7753228
2012-07-19,1.157828
2012-07-20,-0.6215211
2012-07-23,-1.061655
2012-07-24,0.7266112
2012-07-25,-0.7344681
2012-07-26,-0.9176725
2012-07-27,-0.4442545
2012-07-30,-2.383787
2012-07-31,-1.966578
2012-08-01,1.476027
2012-08-02,-0.7712579
2012-08-03,2.033847
2012-08-06,2.23673
2012-08-07,0.9062291
2012-08-08,-0.3477089
2012-08-09,1.241812
2012-08-10,-0.2690018
2012-08-13,-2.299096
2012-08-14,0.8808609
2012-08-15,-1.118177
2012-08-16,-0.7021451
2012-08-17,0.1248197
2012-08-20,0.2593476
2012-08-21,1.588548
2012-08-22,-0.6246695
2012-08-23,0.9301712
2012-08-24,-2.218308
2012-08-27,-2.341268
2012-08-28,0.7712774
2012-08-29,-0.456793
2012-08-30,-1.738216
2012-08-31,0.403132
2012-09-03,1.605915
2012-09-04,-0.8701195
2012-09-05,0.6206344
2012-09-06,1.053682
2012-09-07,3.236464
2012-09-10,0.853319
2012-09-11,-0.425034
2012-09-12,0.5614486
2012-09-13,-1.672962
2012-09-14,0.04941136
2012-09-17,-3.188226
2012-09-18,-0.3642328
2012-09-19,0.8682826
2012-09-20,-3.463848
2012-09-21,-0.7964958
2012-09-24,0.5760634
2012-09-25,-0.8496786
2012-09-26,-2.569477
2012-09-27,2.229334
2012-09-28,1.6517
2012-10-08,-0.2483387
2012-10-09,2.584036
2012-10-10,0.9647378
2012-10-11,-1.805893
2012-10-12,-0.1431373
2012-10-15,-0.9332631
2012-10-16,0.2212051
2012-10-17,0.259114
2012-10-18,1.546296
2012-10-19,-0.2162695
2012-10-22,0.4444757
2012-10-23,-1.082683
2012-10-24,-0.1672283
2012-10-25,-1.089322
2012-10-26,-2.339878
2012-10-29,-0.1808992
2012-10-30,0.124271
2012-10-31,0.324721
2012-11-01,1.693345
2012-11-02,0.3846067
2012-11-05,-0.3387008
2012-11-06,-0.7974855
2012-11-07,-0.1053466
2012-11-08,-2.705061
2012-11-09,-0.233249
2012-11-12,0.7579458
2012-11-13,-2.069121
2012-11-14,0.2038839
2012-11-15,-1.935236
2012-11-16,-0.6215113
2012-11-19,0.5348303
2012-11-20,-0.3134542
2012-11-21,1.096
2012-11-22,-1.153524
2012-11-23,0.2140264
2012-11-26,-1.2352
2012-11-27,-4.149378
2012-11-28,-2.381186
2012-11-29,-1.224843
2012-11-30,1.281385
2012-12-03,-2.707392
2012-12-04,1.234594
2012-12-05,3.626023
2012-12-06,-0.2433067
2012-12-07,2.280065
2012-12-10,1.740577
2012-12-11,-0.9030396
2012-12-12,-0.08011447
2012-12-13,-1.450158
2012-12-14,3.962921
2012-12-17,0.6030231
2012-12-18,-0.4073266
2012-12-19,0.3226638
2012-12-20,0.3042708
2012-12-21,0.09451434
2012-12-24,0.6419557
2012-12-25,2.21531
2012-12-26,1.618082
2012-12-27,-1.231702
2012-12-28,1.032511
2012-12-31,0.7099861
2013-01-04,-0.4653427
2013-01-07,1.128515
2013-01-08,1.035636
2013-01-09,-0.02854674
2013-01-10,0.4546673
2013-01-11,-2.258965
2013-01-14,3.333861
2013-01-15,1.659058
2013-01-16,-0.3667338
2013-01-17,-1.108458
2013-01-18,1.390658
2013-01-21,0.7541998
2013-01-22,-1.925308
2013-01-23,-0.00344384
2013-01-24,-2.547898
2013-01-25,-0.1183601
2013-01-28,2.424132
2013-01-29,0.7885692
2013-01-30,-0.06201757
2013-01-31,-0.577812
2013-02-01,0.5292678
2013-02-04,-0.7509811
2013-02-05,0.8726369
2013-02-06,0.4003417
2013-02-07,0.2438626
2013-02-08,1.189987
2013-02-18,0.6281453
2013-02-19,-1.729003
2013-02-20,1.737717
2013-02-21,-2.162648
2013-02-22,-0.3063841
2013-02-25,0.9254662
2013-02-26,-1.474777
2013-02-27,0.04149459
2013-02-28,1.924907
2013-03-01,1.093742
2013-03-04,-3.518714
2013-03-05,2.092629
2013-03-06,1.63245
2013-03-07,-1.051992
2013-03-08,-0.8529035
2013-03-11,0.0132114
2013-03-12,-2.836788
2013-03-13,-0.9787793
2013-03-14,0.1679028
2013-03-15,0.05201259
2013-03-18,-1.404838
2013-03-19,0.3964483
2013-03-20,2.465889
2013-03-21,0.872758
2013-03-22,0.1798349
2013-03-25,-0.09743921
2013-03-26,-0.9112897
2013-03-27,0.1779119
2013-03-28,-3.202981
2013-03-29,-0.08299208
2013-04-01,0.5819226
2013-04-02,-1.171789
2013-04-03,-1.085958
2013-04-08,0.02839786
2013-04-09,0.9436307
2013-04-10,-0.4547585
2013-04-11,-0.4489734
2013-04-12,-0.927364
2013-04-15,-1.509935
2013-04-16,0.9638537
2013-04-17,0.6357262
2013-04-18,0.2275287
2013-04-19,1.915035
2013-04-22,0.4078174
2013-04-23,-3.016314
2013-04-24,1.962143
2013-04-25,-1.602308
2013-04-26,-1.831886
2013-05-02,0.3558097
2013-05-03,1.830871
2013-05-06,1.666232
2013-05-07,0.1356432
2013-05-08,0.8017776
2013-05-09,-0.04526271
2013-05-10,0.6811828
2013-05-13,0.3517508
2013-05-14,-1.254697
2013-05-15,1.173032
2013-05-16,0.6803294
2013-05-17,1.300532
2013-05-20,1.496835
2013-05-21,1.14623
2013-05-22,-1.010126
2013-05-23,-0.8058075
2013-05-24,1.379248
2013-05-27,0.7453627
2013-05-28,-0.1944352
2013-05-29,0.5392409
2013-05-30,0.05954434
2013-05-31,-0.6793636
2013-06-03,-0.7028555
2013-06-04,-2.1896
2013-06-05,0.3782519
2013-06-06,-1.760046
2013-06-07,-1.741455
2013-06-13,-3.279896
2013-06-14,1.750998
2013-06-17,0.1314728
2013-06-18,0.180745
2013-06-19,-0.5734497
2013-06-20,-3.326936
2013-06-21,-0.7684565
2013-06-24,-6.783825
2013-06-25,-0.7061286
2013-06-26,1.741718
2013-06-27,-1.946129
2013-06-28,-0.2571548
2013-07-01,1.921072
2013-07-02,1.479694
2013-07-03,-0.4069206
2013-07-04,0.7466354
2013-07-05,-0.637947
2013-07-08,-4.456216
2013-07-09,0.5076397
2013-07-10,2.920732
2013-07-11,2.598204
2013-07-12,-0.8353249
2013-07-15,1.903317
2013-07-16,1.110012
2013-07-17,-1.530055
2013-07-18,-0.3427658
2013-07-19,-2.522639
2013-07-22,1.74154
2013-07-23,2.417732
2013-07-24,0.3660055
2013-07-25,-1.847257
2013-07-26,-0.2221731
2013-07-29,-1.8357
2013-07-30,-0.1034117
2013-07-31,0.380002
2013-08-01,2.657432
2013-08-02,0.3183059
2013-08-05,1.488802
2013-08-06,0.8205162
2013-08-07,-1.187477
2013-08-08,0.2559396
2013-08-09,0.2707978
2013-08-12,1.49954
2013-08-13,0.6374865
2013-08-14,-0.4580654
2013-08-15,-1.159415
2013-08-16,-2.178526
2013-08-19,1.86361
2013-08-20,-0.08042217
2013-08-21,0.689582
2013-08-22,-0.007001302
2013-08-23,-0.5504445
2013-08-26,1.916935
2013-08-27,0.7000332
2013-08-28,-0.9966927
2013-08-29,-0.1313833
2013-08-30,-1.455345
2013-09-02,0.8094781
2013-09-03,1.371724
2013-09-04,-0.06855867
2013-09-05,-0.08781314
2013-09-06,0.5440994
2013-09-09,0.8003524
2013-09-10,0.7092111
2013-09-11,-0.9212551
2013-09-12,0.05107134
2013-09-13,0.1167539
2013-09-16,0.1536307
2013-09-17,-1.888468
2013-09-18,0.7700717
2013-09-23,1.827458
2013-09-24,-0.1323008
2013-09-25,-0.6856837
2013-09-26,-1.900372
2013-09-27,0.1251826
2013-09-30,1.15335
2013-10-08,1.513454
2013-10-09,0.9689726
2013-10-10,-0.8048315
2013-10-11,1.368633
2013-10-14,0.9676013
2013-10-15,-0.1585735
2013-10-16,-2.921615
2013-10-17,0.123307
2013-10-18,0.4070829
2013-10-21,2.227133
2013-10-22,-0.6907078
2013-10-23,-2.533938
2013-10-24,-0.7016678
2013-10-25,-1.84459
2013-10-28,-0.2029279
2013-10-29,-3.078676
2013-10-30,1.635131
2013-10-31,-0.9052825
2013-11-01,-0.3262983
2013-11-04,0.6448446
2013-11-05,1.13374
2013-11-06,-0.8502167
2013-11-07,-1.376036
2013-11-08,-1.501135
2013-11-11,0.8297826
2013-11-12,0.9443767
2013-11-13,-1.922487
2013-11-14,1.417216
2013-11-15,1.89679
2013-11-18,2.137407
2013-11-19,0.2209235
2013-11-20,0.7454725
2013-11-21,-0.5440342
2013-11-22,-0.4793689
2013-11-25,0.01287675
2013-11-26,0.3345925
2013-11-27,1.060006
2013-11-28,0.7219804
2013-11-29,0.7671443
2013-12-02,-6.063652
2013-12-03,1.814028
2013-12-04,1.372656
2013-12-05,-0.1512996
2013-12-06,-0.2486331
2013-12-09,0.9305572
2013-12-10,-0.05159532
2013-12-11,-1.16819
2013-12-12,0.4948155
2013-12-13,0.321264
2013-12-16,-1.627754
2013-12-17,-0.6658827
2013-12-18,-0.123466
2013-12-19,-0.9331783
2013-12-20,-1.433117
2013-12-23,-0.479557
2013-12-24,0.8247
2013-12-25,1.406987
2013-12-26,-1.998235
2013-12-27,1.723266
2013-12-30,0.4707431
2013-12-31,0.06992667
2014-01-02,0.8033359
2014-01-03,-0.7318584
2014-01-06,-3.119689
2014-01-07,0.5730141
2014-01-08,0.2321628
2014-01-09,-1.750368
2014-01-10,-1.813699
2014-01-13,-0.19625
2014-01-14,2.020276
2014-01-15,0.5453128
2014-01-16,0.09380519
2014-01-17,-1.17982
2014-01-20,-0.7139737
2014-01-21,1.437591
2014-01-22,2.254845
2014-01-23,0.4243719
2014-01-24,1.142393
2014-01-27,-0.5460468
2014-01-28,-0.2830375
2014-01-29,0.7679853
2014-01-30,-0.6921064
2014-02-07,1.643254
2014-02-10,2.658564
2014-02-11,0.249894
2014-02-12,1.184587
2014-02-13,-1.758551
2014-02-14,1.786626
2014-02-17,1.821032
2014-02-18,-0.2693727
2014-02-19,0.002357326
2014-02-20,-1.629321
2014-02-21,-0.6130329
2014-02-24,-0.04582121
2014-02-25,-4.168132
2014-02-26,0.5855714
2014-02-27,-1.41742
2014-02-28,1.12743
2014-03-03,1.988914
2014-03-04,-0.1699532
2014-03-05,-0.3716655
2014-03-06,0.1027634
2014-03-07,-0.4659977
2014-03-10,-3.980552
2014-03-11,0.08323634
2014-03-12,-0.1061104
2014-03-13,1.123466
2014-03-14,-0.3873419
2014-03-17,1.988788
2014-03-18,0.3578738
2014-03-19,-0.00407288
2014-03-20,-2.686114
2014-03-21,1.967651
2014-03-24,0.5291202
2014-03-25,-0.01097247
2014-03-26,0.2073014
2014-03-27,-1.923467
2014-03-28,-2.236662
2014-03-31,-0.6962996
2014-04-01,1.566477
2014-04-02,-0.1828084
2014-04-03,-0.07161023
2014-04-04,1.036339
2014-04-08,0.9853397
2014-04-09,0.838961
2014-04-10,0.237841
2014-04-11,-0.5404077
2014-04-14,0.7403961
2014-04-15,-0.8380581
2014-04-16,0.05047858
2014-04-17,-0.06253632
2014-04-18,0.282729
2014-04-21,-1.74748
2014-04-22,-0.7650648
2014-04-23,-0.2915671
2014-04-24,-1.005201
2014-04-25,-2.213809
2014-04-28,-3.610417
2014-04-29,1.435891
2014-04-30,0.8638069
2014-05-05,1.028594
2014-05-06,0.6131999
2014-05-07,-1.762374
2014-05-08,0.06883231
2014-05-09,-0.9358459
2014-05-12,2.432689
2014-05-13,-0.1718318
2014-05-14,-0.06913358
2014-05-15,-2.086818
2014-05-16,-0.1798764
2014-05-19,-0.4649055
2014-05-20,0.3520217
2014-05-21,0.9014597
2014-05-22,-0.2108389
2014-05-23,0.9278952
2014-05-26,1.050635
2014-05-27,-0.4934927
2014-05-28,1.001886
2014-05-29,-1.311345
2014-05-30,0.1599876
2014-06-03,-0.1673732
2014-06-04,-0.9201933
2014-06-05,1.150068
2014-06-06,-0.3557101
2014-06-09,-0.5799256
2014-06-10,1.175486
2014-06-11,0.4145277
2014-06-12,-0.2891173
2014-06-13,0.9932023
2014-06-16,0.5609709
2014-06-17,-1.048483
2014-06-18,-0.888178
2014-06-19,-2.979114
2014-06-20,0.9870554
2014-06-23,0.9861537
2014-06-24,0.6703156
2014-06-25,-0.4754503
2014-06-26,1.394911
2014-06-27,0.6425574
2014-06-30,0.8269442
2014-07-01,0.4965692
2014-07-02,0.4471239
2014-07-03,0.5248577
2014-07-04,-0.2002554
2014-07-07,-0.06089482
2014-07-08,0.600744
2014-07-09,-1.740662
2014-07-10,0.1603588
2014-07-11,0.8099132
2014-07-14,1.329494
2014-07-15,-0.3777129
2014-07-16,-1.025655
2014-07-17,-0.4233577
2014-07-18,0.07935126
2014-07-21,-0.4075772
2014-07-22,1.171267
2014-07-23,-1.122871
2014-07-24,-0.2799159
2014-07-25,0.9516686
2014-07-28,1.762963
2014-07-29,0.9112327
2014-07-30,0.3443172
2014-07-31,0.7299119
2014-08-01,-1.309422
2014-08-04,1.525343
2014-08-05,0.6410607
2014-08-06,0.2978442
2014-08-07,-1.102821
2014-08-08,0.6797215
2014-08-11,1.388998
2014-08-12,0.3878057
2014-08-13,-0.03880959
2014-08-14,-0.6311552
2014-08-15,1.056538
2014-08-18,1.442671
2014-08-19,0.3263329
2014-08-20,-0.07479623
2014-08-21,-0.07337831
2014-08-22,0.676896
2014-08-25,-0.8110806
2014-08-26,-2.255083
2014-08-27,0.4491872
2014-08-28,-0.8886581
2014-08-29,1.143842
2014-09-01,1.731202
2014-09-02,1.446369
2014-09-03,0.6835828
2014-09-04,0.8469892
2014-09-05,0.3702615
2014-09-09,0.5813311
2014-09-10,0.5415073
2014-09-11,-0.2439855
2014-09-12,1.193038
2014-09-15,1.07535
2014-09-16,-3.727491
2014-09-17,0.8228765
2014-09-18,0.671401
2014-09-19,0.9443188
2014-09-22,-1.434299
2014-09-23,1.32711
2014-09-24,1.355011
2014-09-25,-0.169282
2014-09-26,0.3974823
2014-09-29,1.11876
2014-09-30,0.6066204
2014-10-08,1.290866
2014-10-09,0.1237154
2014-10-10,-0.6433783
2014-10-13,-0.04489297
2014-10-14,-0.4044917
2014-10-15,0.3401543
2014-10-16,-1.636689
2014-10-17,-1.430401
2014-10-20,1.388172
2014-10-21,-0.8913042
2014-10-22,-1.442297
2014-10-23,-2.00553
2014-10-24,0.2107987
2014-10-27,0.7849435
2014-10-28,2.673079
2014-10-29,1.366025
2014-10-30,-0.0246677
2014-10-31,-0.1248728
2014-11-03,1.065058
2014-11-04,-0.58777
2014-11-05,-0.2056527
2014-11-06,0.7863973
2014-11-07,-1.117027
2014-11-10,0.8438142
2014-11-11,-3.631051
2014-11-12,1.663162
2014-11-13,-1.548882
2014-11-14,-0.4201314
2014-11-17,1.175358
2014-11-18,0.3037001
2014-11-19,0.5579743
2014-11-20,-0.2108958
2014-11-21,0.9954558
2014-11-24,1.131586
2014-11-25,1.395547
2014-11-26,0.4791668
2014-11-27,0.6269136
2014-11-28,-0.1042658
2014-12-01,-1.125132
2014-12-02,1.163177
2014-12-03,0.8733497
2014-12-04,1.370017
2014-12-05,-3.33799
2014-12-08,0.2153162
2014-12-09,-5.046537
2014-12-10,3.461103
2014-12-11,1.411761
2014-12-12,1.016092
2014-12-15,1.490387
2014-12-16,-0.3733015
2014-12-17,-1.591233
2014-12-18,-0.3683238
2014-12-19,-1.463773
2014-12-22,-5.328565
2014-12-23,-1.54167
2014-12-24,2.057748
2014-12-25,1.349414
2014-12-26,0.420943
2014-12-29,-1.901562
2014-12-30,-1.904777
2014-12-31,0.9984255
2015-01-05,1.174017
2015-01-06,1.699841
2015-01-07,-0.2654244
2015-01-08,-0.5249905
2015-01-09,-0.8663736
2015-01-12,-1.789477
2015-01-13,1.510896
2015-01-14,-0.6362109
2015-01-15,0.871459
2015-01-16,1.155382
2015-01-19,-3.540416
2015-01-20,3.7199
2015-01-21,2.43211
2015-01-22,1.411497
2015-01-23,-1.083349
2015-01-26,1.947652
2015-01-27,0.3518577
2015-01-28,-0.558811
2015-01-29,-0.7982654
2015-01-30,-1.248539
2015-02-02,-0.5814254
2015-02-03,1.661044
2015-02-04,-0.4603534
2015-02-05,-0.6692501
2015-02-06,-2.305147
2015-02-09,-0.6995022
2015-02-10,1.138164
2015-02-11,1.101211
2015-02-12,0.8596246
2015-02-13,1.554267
2015-02-16,1.765998
2015-02-17,0.4577949
2015-02-25,-0.2549207
2015-02-26,0.9245678
2015-02-27,0.8920423
2015-03-02,2.026735
2015-03-03,-0.8417174
2015-03-04,1.656938
2015-03-05,0.3380484
2015-03-06,-1.272408
2015-03-09,1.291301
2015-03-10,1.053279
2015-03-11,-0.2222514
2015-03-12,-0.5010809
2015-03-13,1.364925
2015-03-16,3.025392
2015-03-17,1.249132
2015-03-18,1.922353
2015-03-19,0.652248
2015-03-20,0.9084172
2015-03-23,2.524185
2015-03-24,0.3225081
2015-03-25,1.116516
2015-03-26,-1.209492
2015-03-27,1.087746
2015-03-30,0.8255486
2015-03-31,-0.02886641
2015-04-01,2.429813
2015-04-02,2.252019
2015-04-03,2.07244
2015-04-07,2.266843
2015-04-08,-1.327851
2015-04-09,-1.39446
2015-04-10,2.707283
2015-04-13,2.461684
2015-04-14,-0.04220741
2015-04-15,-4.389853
2015-04-16,1.14587
2015-04-17,0.5777916
2015-04-20,-2.538468
2015-04-21,3.947913
2015-04-22,2.907714
2015-04-23,1.032251
2015-04-24,-0.1389897
2015-04-27,0.7380619
2015-04-28,-3.817465
2015-04-29,2.391435
2015-04-30,0.08219995
2015-05-04,0.8973142
2015-05-05,-3.482916
2015-05-06,-1.469205
2015-05-07,-2.522358
2015-05-08,4.485946
2015-05-11,4.773209
2015-05-12,2.229088
2015-05-13,1.051707
2015-05-14,1.122068
2015-05-15,-0.7130391
2015-05-18,2.651368
2015-05-19,2.841824
2015-05-20,1.987994
2015-05-21,3.832739
2015-05-22,1.813358
2015-05-25,2.971743
2015-05-26,4.085433
2015-05-27,2.063275
2015-05-28,-7.094448
2015-05-29,1.145297
2015-06-01,5.832316
2015-06-02,4.451901
2015-06-03,0.5641633
2015-06-04,-0.6839175
2015-06-05,1.823836
2015-06-08,-1.618506
2015-06-09,-0.05061488
2015-06-10,2.353546
2015-06-11,2.279497
2015-06-12,1.810591
2015-06-15,-2.245546
2015-06-16,-4.943661
2015-06-17,2.272846
2015-06-18,-4.141814
2015-06-19,-8.519317
2015-06-23,0.6293756
2015-06-24,2.577027
2015-06-25,-4.879985
2015-06-26,-10.31189
2015-06-29,-8.963226
2015-06-30,5.515181
2015-07-01,-7.668049
2015-07-02,-9.180354
2015-07-03,-9.061581
2015-07-06,-6.242434
2015-07-07,-10.22784
2015-07-08,-8.322692
2015-07-09,9.527256
2015-07-10,9.502686
2015-07-13,9.258458
2015-07-14,4.375565
2015-07-15,-7.305062
2015-07-16,1.930093
2015-07-17,7.300663
2015-07-20,2.909384
2015-07-21,2.71618
2015-07-22,1.607381
2015-07-23,4.342001
2015-07-24,-1.745201
2015-07-27,-10.07208
2015-07-28,-4.865763
2015-07-29,6.486078
2015-07-30,-3.501382
2015-07-31,-1.915256
2015-08-03,-5.343512
2015-08-04,7.338872
2015-08-05,-0.7585957
2015-08-06,-0.5739776
2015-08-07,4.124412
2015-08-10,5.974032
2015-08-11,0.7956032
2015-08-12,-1.887877
2015-08-13,3.126874
2015-08-14,0.8310737
2015-08-17,1.852225
2015-08-18,-9.715363
2015-08-19,2.745137
2015-08-20,-4.323152
2015-08-21,-7.267162
2015-08-24,-10.52654
2015-08-25,-10.32118
2015-08-26,-5.00984
2015-08-27,4.895197
2015-08-28,7.67451
2015-08-31,-5.131837
2015-09-01,-8.245561
2015-09-02,-4.374629
2015-09-07,1.925685
2015-09-08,6.157151
2015-09-09,4.72949
2015-09-10,-2.301688
2015-09-11,1.229151
2015-09-14,-9.420222
2015-09-15,-7.539053
2015-09-16,8.895624
2015-09-17,-2.246639
2015-09-18,1.764515
2015-09-21,4.67766
2015-09-22,0.8169628
2015-09-23,-1.450255
2015-09-24,1.818277
2015-09-25,-4.658067
2015-09-28,2.793237
2015-09-29,-2.316621
2015-09-30,0.3424775
2015-10-08,4.903244
2015-10-09,1.829395
2015-10-12,5.128746
2015-10-13,1.386716
2015-10-14,-1.678608
2015-10-15,3.719268
2015-10-16,1.64746
2015-10-19,-0.2500742
2015-10-20,2.119337
2015-10-21,-8.40314
2015-10-22,4.449425
2015-10-23,3.611217
2015-10-26,1.07272
2015-10-27,0.6642784
2015-10-28,-2.620419
2015-10-29,1.020947
2015-10-30,-0.3300545
2015-11-02,-2.370927
2015-11-03,0.1535631
2015-11-04,5.531969
2015-11-05,0.05810489
2015-11-06,2.822754
2015-11-09,1.818481
2015-11-10,0.6645879
2015-11-11,2.22081
2015-11-12,0.4497508
2015-11-13,-2.792531
2015-11-16,2.359016
2015-11-17,-1.028072
2015-11-18,-2.167547
2015-11-19,3.036082
2015-11-20,1.538353
2015-11-23,-0.8551731
2015-11-24,1.438425
2015-11-25,1.912056
2015-11-26,-0.677497
2015-11-27,-7.447849
2015-11-30,0.8353883
2015-12-01,0.1189965
2015-12-02,-1.011077
2015-12-03,2.703434
2015-12-04,-0.4732242
2015-12-07,1.321294
2015-12-08,-2.420245
2015-12-09,-0.6929484
2015-12-10,-0.4972428
2015-12-11,-0.9297232
2015-12-14,2.1773
2015-12-15,1.030302
2015-12-16,0.711809
2015-12-17,2.883411
2015-12-18,-0.5034266
2015-12-21,0.9980128
2015-12-22,0.8492648
2015-12-23,-1.430954
2015-12-24,-0.1487304
2015-12-25,0.8244486
2015-12-28,-2.709203
2015-12-29,1.190654
2015-12-30,1.073965
2015-12-31,-1.915856
2016-01-04,-9.937147
2016-01-05,-2.447566
2016-01-06,2.974416
2016-01-07,-10.13614
2016-01-08,0.9839098
2016-01-11,-8.704959
2016-01-12,-0.006522581
2016-01-13,-4.505199
2016-01-14,3.955871
2016-01-15,-4.519609
2016-01-18,2.184448
2016-01-19,4.267355
2016-01-20,-0.8538937
2016-01-21,-4.803393
2016-01-22,1.89566
2016-01-25,1.378869
2016-01-26,-9.07629
2016-01-27,-1.393879
2016-01-28,-5.472898
2016-01-29,4.213285
2016-02-01,-1.43568
2016-02-02,3.862588
2016-02-03,0.4900578
2016-02-04,2.326312
2016-02-05,-1.215439
2016-02-15,-0.3032424
2016-02-16,4.54888
2016-02-17,1.420038
2016-02-18,-0.3576943
2016-02-19,0.4253292
2016-02-22,2.270775
2016-02-23,-0.7282059
2016-02-24,0.3330688
2016-02-25,-9.604597
2016-02-26,-0.266631
2016-02-29,-7.316719
2016-03-01,2.500317
2016-03-02,5.421258
2016-03-03,0.07397093
2016-03-04,-3.977309
2016-03-07,2.607879
2016-03-08,0.7065149
2016-03-09,-2.576307
2016-03-10,-1.922741
2016-03-11,-0.1629474
2016-03-14,3.963223
2016-03-15,-0.8796188
2016-03-16,-1.14548
2016-03-17,3.660017
2016-03-18,3.89918
2016-03-21,2.74857
2016-03-22,-0.4881451
2016-03-23,0.9699702
2016-03-24,-1.859724
2016-03-25,0.7943595
2016-03-28,-0.7171775
2016-03-29,-2.375991
2016-03-30,3.940795
2016-03-31,0.2925675
2016-04-01,-0.5181803
2016-04-05,2.862668
2016-04-06,0.4834981
2016-04-07,-1.926188
2016-04-08,-0.9524331
2016-04-11,2.387686
2016-04-12,-0.8321406
2016-04-13,1.399054
2016-04-14,1.214326
2016-04-15,-0.0691638
2016-04-18,-1.765013
2016-04-19,0.396944
2016-04-20,-5.593876
2016-04-21,-1.401921
2016-04-22,0.9780899
2016-04-25,-0.5500207
2016-04-26,1.314122
2016-04-27,-0.4196387
2016-04-28,-0.3944539
2016-04-29,-0.1648004
2016-05-03,3.086908
2016-05-04,-0.00984172
2016-05-05,0.5943
2016-05-06,-4.582079
2016-05-09,-4.905271
2016-05-10,-0.1802339
2016-05-11,-0.8972431
2016-05-12,-0.5445898
2016-05-13,-0.4111406
2016-05-16,1.906684
2016-05-17,-0.207338
2016-05-18,-3.638913
2016-05-19,0.4996391
2016-05-20,1.225287
2016-05-23,1.602441
2016-05-24,-1.192024
2016-05-25,-0.309755
2016-05-26,0.3861264
2016-05-27,-0.09485389
2016-05-30,-0.5931741
2016-05-31,4.292935
2016-06-01,0.584354
2016-06-02,0.9972285
2016-06-03,0.2644142
2016-06-06,0.1238299
2016-06-07,0.1409029
2016-06-08,-0.5178236
2016-06-13,-5.786316
2016-06-14,0.2546787
2016-06-15,3.378853
2016-06-16,-0.3195573
2016-06-17,0.7415985
2016-06-20,0.2427181
2016-06-21,-1.202173
2016-06-22,1.692109
2016-06-23,-0.5029933
2016-06-24,-1.285841
2016-06-27,2.439038
2016-06-28,1.089422
2016-06-29,0.1868509
2016-06-30,-0.05306777
2016-07-01,-0.2697087
2016-07-04,1.869295
2016-07-05,0.5061351
2016-07-06,0.3593746
2016-07-07,-0.001185353
2016-07-08,-0.3488374
2016-07-11,-0.629138
2016-07-12,1.096571
2016-07-13,0.6397353
2016-07-14,0.09028641
2016-07-15,-0.4772654
2016-07-18,-0.6717526
2016-07-19,0.4357797
2016-07-20,-0.03240621
2016-07-21,0.02927114
2016-07-22,-1.106797
2016-07-25,0.1159144
2016-07-26,1.265746
2016-07-27,-5.14276
2016-07-28,-0.1768521
2016-07-29,-0.7503153
2016-08-01,-1.740458
2016-08-02,0.9515861
2016-08-03,0.4547103
2016-08-04,0.5408917
2016-08-05,-0.658069
2016-08-08,1.137538
2016-08-09,0.9414886
2016-08-10,-0.383163
2016-08-11,-1.710796
2016-08-12,1.063062
2016-08-15,2.222782
2016-08-16,0.5801486
2016-08-17,0.3009081
2016-08-18,-0.1167131
2016-08-19,0.05178338
2016-08-22,-1.337624
2016-08-23,0.2360274
2016-08-24,0.2016759
2016-08-25,-0.7786508
2016-08-26,0.3170458
2016-08-29,0.2551165
2016-08-30,-0.03929142
2016-08-31,0.09448105
2016-09-01,-0.8362184
2016-09-02,-0.4021863
2016-09-05,0.3821673
2016-09-06,1.432524
2016-09-07,-0.1230037
2016-09-08,0.3519856
2016-09-09,-0.8403023
2016-09-12,-3.308739
2016-09-13,0.7076046
2016-09-14,-0.5207743
2016-09-19,1.158172
2016-09-20,-0.08577191
2016-09-21,0.1984583
2016-09-22,0.4422512
2016-09-23,-0.4404784
2016-09-26,-2.463821
2016-09-27,0.7949276
2016-09-28,-0.2844516
2016-09-29,0.345477
2016-09-30,0.4463907
2016-10-10,2.181247
2016-10-11,0.5746811
2016-10-12,0.007850963
2016-10-13,0.04939262
2016-10-14,-0.171248
2016-10-17,-1.103488
2016-10-18,1.529939
2016-10-19,-0.1203924
2016-10-20,0.1489093
2016-10-21,-0.4987671
2016-10-24,0.8180652
2016-10-25,0.387522
2016-10-26,-0.4996423
2016-10-27,-0.03670469
2016-10-28,-1.052659
2016-10-31,-0.09638616
2016-11-01,1.107052
2016-11-02,-0.6997829
2016-11-03,0.5807397
2016-11-04,-0.1332826
2016-11-07,0.06172146
2016-11-08,0.586381
2016-11-09,-0.8538884
2016-11-10,1.547745
2016-11-11,0.4899216
2016-11-14,0.34716
2016-11-15,0.3619211
2016-11-16,-0.1079565
2016-11-17,-0.3957506
2016-11-18,-0.3301421
2016-11-21,0.4358543
2016-11-22,0.8839392
2016-11-23,-0.788621
2016-11-24,-0.6727917
2016-11-25,0.1745241
2016-11-28,-0.1999915
2016-11-29,-1.266016
2016-11-30,-0.3870419
2016-12-01,0.505085
2016-12-02,-2.021634
2016-12-05,-0.6041042
2016-12-06,0.2239373
2016-12-07,1.075248
2016-12-08,-0.7372539
2016-12-09,-0.3994625
2016-12-12,-5.782601
2016-12-13,0.3891691
2016-12-14,-0.6885805
2016-12-15,0.9236098
2016-12-16,0.9710308
2016-12-19,-0.1571112
2016-12-20,-0.1117401
2016-12-21,0.8549051
2016-12-22,-0.1806027
2016-12-23,-1.45355
2016-12-26,0.4732749
2016-12-27,0.1078119
2016-12-28,-0.440981
2016-12-29,-0.3432515
2016-12-30,0.07271004
2017-01-03,1.045159
2017-01-04,1.03561
2017-01-05,-0.1122177
2017-01-06,-0.8945198
2017-01-09,0.432121
2017-01-10,-0.392962
2017-01-11,-1.294236
2017-01-12,-1.040233
2017-01-13,-1.859166
2017-01-16,-4.300153
2017-01-17,1.162953
2017-01-18,-0.5976219
2017-01-19,-0.4277738
2017-01-20,1.601964
2017-01-23,0.9167369
2017-01-24,-0.5144568
2017-01-25,0.3747981
2017-01-26,0.5993679
2017-02-03,-0.4129622
2017-02-06,1.187794
2017-02-07,-0.08065753
2017-02-08,0.7325998
2017-02-09,0.6897997
2017-02-10,-0.3498445
2017-02-13,0.7151273
2017-02-14,-0.1349306
2017-02-15,-0.9312821
2017-02-16,0.5535245
2017-02-17,-1.097517
2017-02-20,0.7484923
2017-02-21,0.9111807
2017-02-22,0.2991455
2017-02-23,-0.05759921
2017-02-24,0.3944371
2017-02-27,-0.8233298
2017-02-28,0.4315335
2017-03-01,0.2019517
2017-03-02,-0.6975551
2017-03-03,0.1543693
2017-03-06,1.213985
2017-03-07,0.2924922
2017-03-08,-0.4628513
2017-03-09,-0.8508197
2017-03-10,-0.0551967
2017-03-13,0.746539
2017-03-14,-0.229423
2017-03-15,-0.1807457
2017-03-16,1.118421
2017-03-17,-0.9835072
2017-03-20,0.4757264
2017-03-21,0.1830342
2017-03-22,-0.5829329
2017-03-23,-0.1127809
2017-03-24,0.2881211
2017-03-27,-0.318936
2017-03-28,-0.4791036
2017-03-29,-1.110684
2017-03-30,-2.471694
2017-03-31,0.1945844
2017-04-05,1.986118
2017-04-06,0.229969
2017-04-07,-0.2354492
2017-04-10,-1.555129
2017-04-11,0.8417662
2017-04-12,-1.065245
2017-04-13,0.2642166
2017-04-14,-1.600453
2017-04-17,-2.055475
2017-04-18,-1.112028
2017-04-19,-1.070249
2017-04-20,-0.5518186
2017-04-21,-0.4564705
2017-04-24,-3.210937
2017-04-25,0.4355742
2017-04-26,0.3748747
2017-04-27,0.8058667
2017-04-28,0.5329495
2017-05-02,-0.07825612
2017-05-03,-0.06732443
2017-05-04,-0.5351178
2017-05-05,-1.497094
2017-05-08,-2.145779
2017-05-09,0.8175386
2017-05-10,-2.030109
2017-05-11,-0.6101259
2017-05-12,-0.1730221
2017-05-15,0.1884004
2017-05-16,2.155736
2017-05-17,0.294664
2017-05-18,-0.7774455
2017-05-19,-0.2618759
2017-05-22,-2.448997
2017-05-23,-3.478774
2017-05-24,0.5755175
2017-05-25,0.7749161
2017-05-26,0.08831287
2017-05-31,-0.2328576
2017-06-01,-3.205488
2017-06-02,1.315771
2017-06-05,0.8456205
2017-06-06,0.4272081
2017-06-07,2.346725
2017-06-08,-0.2525915
2017-06-09,0.01599901
2017-06-12,-1.996088
2017-06-13,1.574567
2017-06-14,-0.0807531
2017-06-15,1.309734
2017-06-16,-0.3660322
2017-06-19,0.5960804
2017-06-20,-0.09932562
2017-06-21,-0.005520915
2017-06-22,-2.01017
2017-06-23,-0.0003442928
2017-06-26,1.21897
2017-06-27,0.1111261
2017-06-28,-0.9567029
2017-06-29,0.408829
2017-06-30,0.1880822
2017-07-03,0.8159434
2017-07-04,-0.3299207
2017-07-05,0.8008949
2017-07-06,0.02884994
2017-07-07,0.4294491
2017-07-10,-0.8659088
2017-07-11,-1.374625
2017-07-12,-0.191707
2017-07-13,-0.113705
2017-07-14,-0.5941257
2017-07-17,-6.29008
2017-07-18,0.8177922
2017-07-19,1.267051
2017-07-20,0.2764716
2017-07-21,-0.2342452
2017-07-24,0.6153695
2017-07-25,-0.3223221
2017-07-26,-0.2146733
2017-07-27,1.587397
2017-07-28,-0.3419273
2017-07-31,0.5211734
2017-08-01,0.01234782
2017-08-02,-1.16318
2017-08-03,0.3963424
2017-08-04,-0.6136461
2017-08-07,0.6931988
2017-08-08,0.1923729
2017-08-09,0.1205356
2017-08-10,-1.07776
2017-08-11,-1.538356
2017-08-14,1.848447
2017-08-15,0.3498674
2017-08-16,0.66577
2017-08-17,0.7278278
2017-08-18,-0.4971569
2017-08-21,0.8184245
2017-08-22,-0.6946085
2017-08-23,-0.4362266
2017-08-24,-0.7749793
2017-08-25,1.197309
2017-08-28,1.324439
2017-08-29,-0.1841288
2017-08-30,0.0282502
2017-08-31,0.5552686
2017-09-01,0.4573397
2017-09-04,0.3450255
2017-09-05,-0.009540371
2017-09-06,0.2543624
2017-09-07,-0.4200494
2017-09-08,0.1255608
2017-09-11,0.8832404
2017-09-12,-0.6191011
2017-09-13,0.3678061
2017-09-14,-0.2259915
2017-09-15,-0.5139654
2017-09-18,0.5697885
2017-09-19,-0.4320597
2017-09-20,0.7331899
2017-09-21,-1.065054
2017-09-22,-0.3906045
2017-09-25,-1.365099
2017-09-26,-0.2674819
2017-09-27,0.6600057
2017-09-28,-0.5768467
2017-09-29,0.7577148
2017-10-09,1.06663
2017-10-10,0.9532154
2017-10-11,-0.4045634
2017-10-12,-0.2904677
2017-10-13,0.4929409
2017-10-16,-2.200563
2017-10-17,0.02265152
2017-10-18,-1.06976
2017-10-19,-1.233403
2017-10-20,1.12649
2017-10-23,0.5935483
2017-10-24,-0.6076282
2017-10-25,0.7351302
2017-10-26,0.326298
2017-10-27,-0.7418429
2017-10-30,-2.891348
2017-10-31,0.8203195
2017-11-01,0.05806139
2017-11-02,-1.134863
2017-11-03,-0.866628
2017-11-06,1.021776
2017-11-07,0.4019752
2017-11-08,0.2818057
2017-11-09,0.4287501
2017-11-10,0.01510146
2017-11-13,-0.04358158
2017-11-14,-0.9191022
2017-11-15,-0.9259792
2017-11-16,-0.5378762
2017-11-17,-4.15146
2017-11-20,0.1914684
2017-11-21,-0.2490416
2017-11-22,-0.1490196
2017-11-23,-2.407085
2017-11-24,0.1084024
2017-11-27,-1.094025
2017-11-28,1.403438
2017-11-29,-0.06703822
2017-11-30,-0.4654884
2017-12-01,0.7805464
2017-12-04,-1.725258
2017-12-05,-2.84254
2017-12-06,1.021543
2017-12-07,-0.1955166
2017-12-08,1.131238
2017-12-11,0.9116894
2017-12-12,-1.345309
2017-12-13,0.7063147
2017-12-14,0.04028435
2017-12-15,-0.3601146
2017-12-18,-0.6508767
2017-12-19,0.6503511
2017-12-20,-1.19064
2017-12-21,0.04655656
2017-12-22,-0.2640887
2017-12-25,-1.380308
2017-12-26,0.9746926
2017-12-27,-0.507796
2017-12-28,0.3312424
2017-12-29,0.6846479
2018-01-02,0.8713504
2018-01-03,0.7231407
2018-01-04,-0.03703965
2018-01-05,-0.02508186
2018-01-08,0.01593549
2018-01-09,-0.1325023
2018-01-10,-1.008347
2018-01-11,0.5789439
2018-01-12,-0.5429889
2018-01-15,-2.763343
2018-01-16,0.7293896
2018-01-17,0.1479792
2018-01-18,0.08228584
2018-01-19,-0.2560876
2018-01-22,0.5609831
2018-01-23,0.0957525
2018-01-24,0.5988828
2018-01-25,-0.274198
2018-01-26,-0.3819753
2018-01-29,-1.293078
2018-01-30,-0.2117445
2018-01-31,-2.706021
2018-02-01,-4.507144
2018-02-02,-0.817687
2018-02-05,-0.7598679
2018-02-06,-6.279846
2018-02-07,0.585113
2018-02-08,1.367185
2018-02-09,-3.514619
2018-02-12,2.584691
2018-02-13,0.0521552
2018-02-14,0.2036147
2018-02-22,1.759075
2018-02-23,0.34913
2018-02-26,2.36669
2018-02-27,0.1607975
2018-02-28,-0.02672486
2018-03-01,1.344924
2018-03-02,-0.6418729
2018-03-05,0.606232
2018-03-06,1.040467
2018-03-07,-0.7248542
2018-03-08,0.8824109
2018-03-09,1.558704
2018-03-12,1.379328
2018-03-13,-0.682465
2018-03-14,-1.16042
2018-03-15,-0.9397987
2018-03-16,-0.1679503
2018-03-19,0.4250146
2018-03-20,0.2682561
2018-03-21,-0.6847096
2018-03-22,0.09982213
2018-03-23,-6.332601
2018-03-26,1.462712
2018-03-27,2.600973
2018-03-28,-0.6102978
2018-03-29,0.9779952
2018-03-30,1.401816
2018-04-02,0.3066935
2018-04-03,-1.020599
2018-04-04,-0.5859315
2018-04-09,0.2423818
2018-04-10,0.2021052
2018-04-11,0.6760787
2018-04-12,-0.6723546
2018-04-13,-0.3449229
2018-04-16,-0.8807358
2018-04-17,-2.402867
2018-04-18,1.099449
2018-04-19,0.2210257
2018-04-20,-2.611757
2018-04-23,-0.6792172
2018-04-24,2.301159
2018-04-25,0.3401244
2018-04-26,-2.222839
2018-04-27,0.187345
2018-05-02,-0.5589601
2018-05-03,1.032595
2018-05-04,-0.2814042
2018-05-07,1.765703
2018-05-08,0.6463963
2018-05-09,0.01374027
2018-05-10,0.4643425
2018-05-11,-1.302027
2018-05-14,-0.709035
2018-05-15,1.074951
2018-05-16,-0.5995778
2018-05-17,-0.255143
2018-05-18,0.4465118
2018-05-21,1.281328
2018-05-22,0.4548163
2018-05-23,-1.248789
2018-05-24,-0.2831021
2018-05-25,-0.921951
2018-05-28,-1.044241
2018-05-29,-0.9235646
2018-05-30,-4.316023
2018-05-31,1.727921
2018-06-01,-1.046577
2018-06-04,-0.2156382
2018-06-05,1.607977
2018-06-06,0.1558689
2018-06-07,-1.016305
2018-06-08,-1.272959
2018-06-11,-0.8006354
2018-06-12,0.6833103
2018-06-13,-1.997484
2018-06-14,-0.4153529
2018-06-15,-2.621465
2018-06-19,-8.209099
2018-06-20,1.164937
2018-06-21,-2.961545
2018-06-22,1.557025
2018-06-25,-0.3639389
2018-06-26,1.0944
2018-06-27,-0.6232187
2018-06-28,-1.167515
2018-06-29,2.907376
2018-07-02,-1.533027
2018-07-03,1.538238
2018-07-04,-2.066778
2018-07-05,-2.895101
2018-07-06,0.4400805
2018-07-09,2.175984
2018-07-10,0.7888765
2018-07-11,-2.710227
2018-07-12,2.588205
2018-07-13,0.1574324
2018-07-16,-0.05940212
2018-07-17,0.1395601
2018-07-18,-0.5846812
2018-07-19,-1.33363
2018-07-20,1.110079
2018-07-23,0.7657951
2018-07-24,1.655942
2018-07-25,-0.004758931
2018-07-26,-0.2505613
2018-07-27,-0.7005742
2018-07-30,-1.627791
2018-07-31,0.1359593
2018-08-01,-1.769238
2018-08-02,-2.986723
2018-08-03,-1.211853
2018-08-06,-2.045716
2018-08-07,2.62326
2018-08-08,-1.628597
2018-08-09,2.110447
2018-08-10,0.5382959
2018-08-13,0.1650613
2018-08-14,-0.1378428
2018-08-15,-2.117323
2018-08-16,-1.052244
2018-08-17,-1.892918
2018-08-20,0.5686298
2018-08-21,0.9897338
2018-08-22,-1.254989
2018-08-23,0.583208
2018-08-24,-0.3392635
2018-08-27,1.914721
2018-08-28,0.08835415
2018-08-29,-0.6248768
2018-08-30,-1.657862
2018-08-31,-1.134835
2018-09-03,-0.2116494
2018-09-04,1.114755
2018-09-05,-1.450594
2018-09-06,-0.4131556
2018-09-07,0.1925289
2018-09-10,-2.008043
2018-09-11,0.2606978
2018-09-12,0.07351008
2018-09-13,0.8270885
2018-09-14,-1.027444
2018-09-17,-1.736189
2018-09-18,1.688991
2018-09-19,0.9651947
2018-09-20,-0.3227978
2018-09-21,1.206052
2018-09-25,-0.4002323
2018-09-26,0.2591248
2018-09-27,-1.835618
2018-09-28,0.9051061
2018-10-08,-3.510607
2018-10-09,0.3276053
2018-10-10,0.3175083
2018-10-11,-8.316199
2018-10-12,-1.011083
2018-10-15,-1.32158
2018-10-16,-1.971285
2018-10-17,0.9670015
2018-10-18,-3.270344
2018-10-19,2.124869
2018-10-22,4.823959
2018-10-23,-1.459984
2018-10-24,0.09255907
2018-10-25,-0.7521628
2018-10-26,0.4553962
2018-10-29,-1.408627
2018-10-30,1.174152
2018-10-31,1.42409
2018-11-01,0.3783298
2018-11-02,2.628686
2018-11-05,0.6689411
2018-11-06,-0.3681842
2018-11-07,-0.3712717
2018-11-08,-0.262238
2018-11-09,-0.2839493
2018-11-12,2.818489
2018-11-13,1.841202
2018-11-14,-0.1665066
2018-11-15,1.76215
2018-11-16,0.8271814
2018-11-19,0.3004592
2018-11-20,-2.876586
2018-11-21,0.7871746
2018-11-22,0.0382614
2018-11-23,-4.713242
2018-11-26,-0.3015419
2018-11-27,0.6920244
2018-11-28,1.139428
2018-11-29,-2.661483
2018-11-30,0.6481477
2018-12-03,3.052537
2018-12-04,0.7539515
2018-12-05,-0.8599919
2018-12-06,-1.820493
2018-12-07,0.110486
2018-12-10,-1.340208
2018-12-11,0.8103133
2018-12-12,-0.004615872
2018-12-13,0.7854313
2018-12-14,-2.668713
2018-12-17,0.02147862
2018-12-18,-0.6844559
2018-12-19,-1.273675
2018-12-20,0.4604221
2018-12-21,-0.7259256
2018-12-24,0.8651268
2018-12-25,-1.288439
2018-12-26,-0.2398008
2018-12-27,-1.671769
2018-12-28,0.05780562
2019-01-02,-0.260185
2019-01-03,-0.5609952
2019-01-04,2.392266
2019-01-07,1.816146
2019-01-08,-0.2281075
2019-01-09,0.1381803
2019-01-10,-0.2790772
2019-01-11,0.7685581
2019-01-14,-0.6833954
2019-01-15,1.057407
2019-01-16,-0.2963339
2019-01-17,-1.126649
2019-01-18,0.5897794
2019-01-21,0.4820725
2019-01-22,-1.075612
2019-01-23,0.07287994
2019-01-24,0.3672542
2019-01-25,-0.8993083
2019-01-28,-0.8127238
2019-01-29,-2.087419
2019-01-30,-1.423417
2019-01-31,-1.829185
2019-02-01,2.724706
2019-02-11,2.583305
2019-02-12,1.271927
2019-02-13,1.581761
2019-02-14,0.3108445
2019-02-15,-0.269138
2019-02-18,3.150715
2019-02-19,0.1829968
2019-02-20,0.1077111
2019-02-21,-0.535861
2019-02-22,1.962724
2019-02-25,4.837401
2019-02-26,-0.2890074
2019-02-27,-0.2522973
2019-02-28,0.461443
2019-03-01,0.4607993
2019-03-04,1.501312
2019-03-05,2.414586
2019-03-06,2.009327
2019-03-07,1.571056
2019-03-08,-5.148419
2019-03-11,4.155389
2019-03-12,1.643896
2019-03-13,-2.036179
2019-03-14,-3.010074
2019-03-15,1.508953
2019-03-18,2.267223
2019-03-19,0.2250812
2019-03-20,-0.07214803
2019-03-21,0.9271105
2019-03-22,0.3263398
2019-03-25,-1.098371
2019-03-26,-2.794887
2019-03-27,0.5215999
2019-03-28,-1.436125
2019-03-29,2.64656
2019-04-01,3.387031
2019-04-02,0.3957311
2019-04-03,1.000459
2019-04-04,0.1788131
2019-04-08,-0.5793284
2019-04-09,0.3849268
2019-04-10,-0.2311384
2019-04-11,-1.913033
2019-04-12,-0.0576645
2019-04-15,-0.9035509
2019-04-16,1.841287
2019-04-17,0.6471988
2019-04-18,-0.7802561
2019-04-19,0.6026154
2019-04-22,-1.425219
2019-04-23,-1.943168
2019-04-24,0.8806485
2019-04-25,-4.271758
2019-04-26,-1.319875
2019-04-29,-3.913908
2019-04-30,1.133073
2019-05-06,-8.15779
2019-05-07,1.461405
2019-05-08,-0.2171115
2019-05-09,-0.8839825
2019-05-10,3.302143
2019-05-13,-0.7298338
2019-05-14,-0.9054876
2019-05-15,1.968741
2019-05-16,0.6404711
2019-05-17,-3.877697
2019-05-20,-0.4318526
2019-05-21,1.62757
2019-05-22,-0.7468507
2019-05-23,-2.357825
2019-05-24,-0.6637211
2019-05-27,2.593892
2019-05-28,-0.04698464
2019-05-29,0.2479847
2019-05-30,-0.7428221
2019-05-31,-0.0632728
2019-06-03,-1.554855
2019-06-04,-1.646474
2019-06-05,0.0475681
2019-06-06,-2.559018
2019-06-10,1.046142
2019-06-11,3.425198
2019-06-12,-0.5748464
2019-06-13,0.5943098
2019-06-14,-2.306599
2019-06-17,0.01801909
2019-06-18,-0.1568001
2019-06-19,1.213055
2019-06-20,1.42219
2019-06-21,1.677546
2019-06-24,-0.2371846
2019-06-25,-1.032752
2019-06-26,-0.04687473
2019-06-27,0.4687289
2019-06-28,-1.451718
2019-07-01,2.665075
2019-07-02,-0.04365324
2019-07-03,-1.09954
2019-07-04,-0.375154
2019-07-05,0.25663
2019-07-08,-3.676946
2019-07-09,0.2782526
2019-07-10,-0.7365236
2019-07-11,-0.05460617
2019-07-12,0.2241573
2019-07-15,0.8494476
2019-07-16,0.1842385
2019-07-17,-0.1318288
2019-07-18,-1.934605
2019-07-19,0.4573924
2019-07-22,-2.962355
2019-07-23,1.155917
2019-07-24,1.097731
2019-07-25,0.1742622
2019-07-26,-0.01159462
2019-07-29,-0.1765899
2019-07-30,0.3879123
2019-07-31,-0.7402256
2019-08-01,-0.4469111
2019-08-02,-1.770284
2019-08-05,-1.197138
2019-08-06,-3.058038
2019-08-07,-0.3716533
2019-08-08,0.5185324
2019-08-09,-1.251226
2019-08-12,1.540184
2019-08-13,-0.669251
2019-08-14,0.4947637
2019-08-15,0.1473446
2019-08-16,0.3081507
2019-08-19,2.857038
2019-08-20,0.06909862
2019-08-21,-0.05961408
2019-08-22,0.2786065
2019-08-23,-0.4139414
